{"__type__":"cc.BitmapFont","_name":"main_gift","spriteFrame":{"__uuid__":"53X7Ls2WZOCZgq/1n9ZVCA"},"fontSize":16,"_fntConfig":{"commonHeight":16,"fontSize":16,"atlasName":"main_gift_0.png","fontDefDictionary":{"48":{"rect":{"x":0,"y":0,"width":12,"height":16},"xOffset":0,"yOffset":0,"xAdvance":12},"49":{"rect":{"x":13,"y":0,"width":12,"height":16},"xOffset":0,"yOffset":0,"xAdvance":12},"50":{"rect":{"x":26,"y":0,"width":12,"height":16},"xOffset":0,"yOffset":0,"xAdvance":12},"51":{"rect":{"x":39,"y":0,"width":12,"height":16},"xOffset":0,"yOffset":0,"xAdvance":12},"52":{"rect":{"x":52,"y":0,"width":12,"height":16},"xOffset":0,"yOffset":0,"xAdvance":12},"53":{"rect":{"x":65,"y":0,"width":12,"height":16},"xOffset":0,"yOffset":0,"xAdvance":12},"54":{"rect":{"x":78,"y":0,"width":12,"height":16},"xOffset":0,"yOffset":0,"xAdvance":12},"55":{"rect":{"x":91,"y":0,"width":12,"height":16},"xOffset":0,"yOffset":0,"xAdvance":12},"56":{"rect":{"x":104,"y":0,"width":12,"height":16},"xOffset":0,"yOffset":0,"xAdvance":12},"57":{"rect":{"x":117,"y":0,"width":12,"height":16},"xOffset":0,"yOffset":0,"xAdvance":12},"58":{"rect":{"x":130,"y":0,"width":12,"height":16},"xOffset":0,"yOffset":0,"xAdvance":12}},"kerningDict":{}}}