[{"__type__":"cc.SceneAsset","_name":"splash","scene":{"__id__":1},"asyncLoadAssets":null},{"__type__":"cc.Scene","_name":"New Node","_children":[{"__id__":2}],"_anchorPoint":{"__type__":"cc.Vec2"},"autoReleaseAssets":false},{"__type__":"cc.Node","_name":"Canvas","_parent":{"__id__":1},"_children":[{"__id__":3},{"__id__":4},{"__id__":5},{"__id__":6}],"_components":[{"__type__":"cc.Canvas","node":{"__id__":2},"_designResolution":{"__type__":"cc.Size","width":720,"height":1280},"_fitHeight":false},{"__type__":"40864e9s8xJ6p85voNd27fG","node":{"__id__":2},"nextSceneName":"title"}],"_id":"b63c7W0rZMAbxpQgy449/Y","_contentSize":{"__type__":"cc.Size","width":720,"height":1280},"_position":{"__type__":"cc.Vec2","x":360,"y":640}},{"__type__":"cc.Node","_name":"2baby_02","_parent":{"__id__":2},"_components":[{"__type__":"cc.Sprite","node":{"__id__":3},"_spriteFrame":{"__uuid__":"81dEA0K0ZKQJIQPbhFUX0K"}}],"_contentSize":{"__type__":"cc.Size","width":720,"height":1280}},{"__type__":"cc.Node","_name":"versionName","_parent":{"__id__":2},"_components":[{"__type__":"cc.Label","node":{"__id__":4},"_useOriginalSize":false,"_N$horizontalAlign":1,"_N$verticalAlign":1},{"__type__":"a447b5pUeFNY6hm2h2q3Nuo","node":{"__id__":4}}],"_color":{"__type__":"cc.Color","r":255},"_contentSize":{"__type__":"cc.Size","width":98,"height":40},"_position":{"__type__":"cc.Vec2","x":-293,"y":-595}},{"__type__":"cc.Node","_name":"Splash","_parent":{"__id__":2},"_components":[{"__type__":"6ef4bCbSBVK55gkQs1FZvE+","node":{"__id__":5}}]},{"__type__":"cc.Node","_name":"AdsSplash","_parent":{"__id__":2},"_components":[{"__type__":"c88bfXGizBMRLteunB6/IQj","node":{"__id__":6}}]}]