{"__type__":"cc.BitmapFont","_name":"main_level","spriteFrame":{"__uuid__":"52vVafl05HoJzDW7aMStSI"},"fontSize":34,"_fntConfig":{"commonHeight":32,"fontSize":34,"atlasName":"main_level_0.png","fontDefDictionary":{"47":{"rect":{"x":0,"y":0,"width":23,"height":34},"xOffset":0,"yOffset":0,"xAdvance":23},"48":{"rect":{"x":24,"y":0,"width":23,"height":34},"xOffset":0,"yOffset":0,"xAdvance":23},"49":{"rect":{"x":48,"y":0,"width":23,"height":34},"xOffset":0,"yOffset":0,"xAdvance":23},"50":{"rect":{"x":72,"y":0,"width":23,"height":34},"xOffset":0,"yOffset":0,"xAdvance":23},"51":{"rect":{"x":96,"y":0,"width":23,"height":34},"xOffset":0,"yOffset":0,"xAdvance":23},"52":{"rect":{"x":120,"y":0,"width":23,"height":34},"xOffset":0,"yOffset":0,"xAdvance":23},"53":{"rect":{"x":144,"y":0,"width":23,"height":34},"xOffset":0,"yOffset":0,"xAdvance":23},"54":{"rect":{"x":168,"y":0,"width":23,"height":34},"xOffset":0,"yOffset":0,"xAdvance":23},"55":{"rect":{"x":192,"y":0,"width":23,"height":34},"xOffset":0,"yOffset":0,"xAdvance":23},"56":{"rect":{"x":216,"y":0,"width":23,"height":34},"xOffset":0,"yOffset":0,"xAdvance":23},"57":{"rect":{"x":240,"y":0,"width":23,"height":34},"xOffset":0,"yOffset":0,"xAdvance":23}},"kerningDict":{}}}