[{"__type__":"cc.SceneAsset","_name":"layout","scene":{"__id__":1},"asyncLoadAssets":null},{"__type__":"cc.Scene","_name":"New Node","_children":[{"__id__":2}],"_anchorPoint":{"__type__":"cc.Vec2"},"autoReleaseAssets":false},{"__type__":"cc.Node","_name":"Canvas","_parent":{"__id__":1},"_children":[{"__id__":3},{"__id__":4},{"__id__":5},{"__id__":7},{"__type__":"cc.Node","_name":"_resources","_parent":{"__id__":2}}],"_components":[{"__type__":"cc.Canvas","node":{"__id__":2},"_designResolution":{"__type__":"cc.Size","width":720,"height":1280},"_fitHeight":false},{"__type__":"41339ExFvFCSqOZm6ComW1h","node":{"__id__":2},"landscape":false,"minTrend":1.625}],"_id":"a4LHwBullH1YPc8nF4kLyF","_contentSize":{"__type__":"cc.Size","width":720,"height":1280},"_position":{"__type__":"cc.Vec2","x":360,"y":640}},{"__type__":"cc.Node","_name":"LayoutManager","_parent":{"__id__":2},"_components":[{"__type__":"31c1ch6h7pL6KJUxcqpKWn9","node":{"__id__":3}}]},{"__type__":"cc.Node","_name":"bg","_parent":{"__id__":2},"_components":[{"__type__":"cc.Sprite","node":{"__id__":4},"_spriteFrame":{"__uuid__":"afyVThC/BLFLvvhyZgfoLR"}}],"_contentSize":{"__type__":"cc.Size","width":720,"height":1280}},{"__type__":"cc.Node","_name":"ui-top","_parent":{"__id__":2},"_children":[{"__id__":6}],"_components":[{"__type__":"cc.Widget","node":{"__id__":5},"_alignFlags":41}],"_contentSize":{"__type__":"cc.Size","width":720},"_position":{"__type__":"cc.Vec2","y":640}},{"__type__":"cc.Node","_name":"back","_parent":{"__id__":5},"_components":[{"__type__":"cc.Sprite","node":{"__id__":6},"_spriteFrame":{"__uuid__":"1dRn7j4u1KfqBkEQ+EOTg1"}},{"__type__":"cc.Widget","node":{"__id__":6},"_alignFlags":9,"_left":18,"_top":18},{"__type__":"cc.Button","node":{"__id__":6},"transition":2,"clickEvents":[{"__type__":"cc.ClickEvent","target":{"__id__":3},"component":"LayoutManager","handler":"onClickExit"}],"_N$normalSprite":{"__uuid__":"1dRn7j4u1KfqBkEQ+EOTg1"},"_N$pressedSprite":{"__uuid__":"a6eZy0UAFBqLL0DIV8ERtM"},"pressedSprite":{"__uuid__":"a6eZy0UAFBqLL0DIV8ERtM"},"_N$hoverSprite":{"__uuid__":"1dRn7j4u1KfqBkEQ+EOTg1"},"hoverSprite":{"__uuid__":"1dRn7j4u1KfqBkEQ+EOTg1"},"_N$disabledSprite":{"__uuid__":"1dRn7j4u1KfqBkEQ+EOTg1"},"_N$target":{"__id__":6}}],"_contentSize":{"__type__":"cc.Size","width":96,"height":96},"_position":{"__type__":"cc.Vec2","x":-294,"y":-66}},{"__type__":"cc.Node","_name":"ui-bottom","_parent":{"__id__":2},"_components":[{"__type__":"cc.Widget","node":{"__id__":7},"_alignFlags":44}],"_contentSize":{"__type__":"cc.Size","width":720},"_position":{"__type__":"cc.Vec2","y":-640}}]