[{"__type__":"cc.Prefab","_name":"pushBigH","data":{"__id__":1},"asyncLoadAssets":null},{"__type__":"cc.Node","_name":"pushBigH","_children":[{"__id__":2},{"__id__":3}],"_active":false,"_components":[{"__type__":"1a6faxMBRpBhJaD6plietc2","node":{"__id__":1},"blackBackground":{"__id__":2},"bigTextureSprite":{"__id__":5},"closeButton":{"__id__":6},"boardNode":{"__id__":3}}],"_prefab":{"__type__":"cc.PrefabInfo","root":{"__id__":1},"asset":{"__uuid__":"1bkWcOVsFNSbEVSedi2QsD"},"fileId":"5arWGm/5RBLZqQWLiNqeB3"}},{"__type__":"cc.Node","_name":"black-background","_parent":{"__id__":1},"_active":false,"_components":[{"__type__":"cc.Sprite","node":{"__id__":2},"_spriteFrame":{"__uuid__":"d06ydunsFL2br/xbVk/MbX"},"_sizeMode":0},{"__type__":"cc.Button","node":{"__id__":2}}],"_prefab":{"__type__":"cc.PrefabInfo","root":{"__id__":1},"asset":{"__uuid__":"1bkWcOVsFNSbEVSedi2QsD"},"fileId":"b00vC7XOJMmYyJCW1QUgof"},"_opacity":149,"_color":{"__type__":"cc.Color"},"_contentSize":{"__type__":"cc.Size","width":1280,"height":1280}},{"__type__":"cc.Node","_name":"edging","_parent":{"__id__":1},"_children":[{"__id__":4},{"__id__":6}],"_active":false,"_components":[{"__type__":"cc.Sprite","node":{"__id__":3},"_spriteFrame":{"__uuid__":"2avGtFsVhEybm49n1aGkSa"},"_type":1,"_sizeMode":2,"_isTrimmedMode":false},{"__type__":"cc.Button","node":{"__id__":3},"_N$target":{"__id__":3}}],"_prefab":{"__type__":"cc.PrefabInfo","root":{"__id__":1},"asset":{"__uuid__":"1bkWcOVsFNSbEVSedi2QsD"},"fileId":"d6vYxgbvlCO7YrJfW/X4Rq"},"_contentSize":{"__type__":"cc.Size","width":760,"height":510}},{"__type__":"cc.Node","_name":"edging_mold","_parent":{"__id__":3},"_components":[{"__id__":5}],"_prefab":{"__type__":"cc.PrefabInfo","root":{"__id__":1},"asset":{"__uuid__":"1bkWcOVsFNSbEVSedi2QsD"},"fileId":"71rduby71H4KSZ+2wplBOB"},"_contentSize":{"__type__":"cc.Size","width":715,"height":460}},{"__type__":"cc.Sprite","node":{"__id__":4},"_spriteFrame":{"__uuid__":"cfUtEzH99DypsNGqwMd9bM"},"_sizeMode":2,"_isTrimmedMode":false},{"__type__":"cc.Node","_name":"close","_parent":{"__id__":3},"_components":[{"__type__":"cc.Sprite","node":{"__id__":6},"_spriteFrame":{"__uuid__":"81eB9K+RJETbqguWZlU0B3"},"_sizeMode":0,"_isTrimmedMode":false},{"__type__":"cc.Button","node":{"__id__":6},"_N$target":{"__id__":6}}],"_prefab":{"__type__":"cc.PrefabInfo","root":{"__id__":1},"asset":{"__uuid__":"1bkWcOVsFNSbEVSedi2QsD"},"fileId":"7fPRs0OZZGtLTCfT08Co3z"},"_anchorPoint":{"__type__":"cc.Vec2","x":1,"y":1},"_contentSize":{"__type__":"cc.Size","width":84,"height":84},"_position":{"__type__":"cc.Vec2","x":377,"y":256}}]