[{"__type__":"cc.SceneAsset","_name":"level","scene":{"__id__":1},"asyncLoadAssets":null},{"__type__":"cc.Scene","_name":"New Node","_children":[{"__id__":2}],"_anchorPoint":{"__type__":"cc.Vec2"},"autoReleaseAssets":false},{"__type__":"cc.Node","_name":"Canvas","_parent":{"__id__":1},"_children":[{"__id__":3},{"__id__":4},{"__id__":29},{"__id__":13},{"__id__":19}],"_components":[{"__type__":"cc.Canvas","node":{"__id__":2},"_designResolution":{"__type__":"cc.Size","width":720,"height":1280},"_fitHeight":false},{"__type__":"41339ExFvFCSqOZm6ComW1h","node":{"__id__":2},"landscape":false,"minTrend":1.625}],"_id":"45op9QzAVOeatQCUKGVuO4","_contentSize":{"__type__":"cc.Size","width":720,"height":1280},"_position":{"__type__":"cc.Vec2","x":360,"y":640}},{"__type__":"cc.Node","_name":"bg","_parent":{"__id__":2},"_components":[{"__type__":"cc.Sprite","node":{"__id__":3},"_spriteFrame":{"__uuid__":"d5TCYR2WtImI3MC+nNP6mJ"}}],"_anchorPoint":{"__type__":"cc.Vec2","x":0.5},"_contentSize":{"__type__":"cc.Size","width":720,"height":1280},"_position":{"__type__":"cc.Vec2","y":-640}},{"__type__":"cc.Node","_name":"ui-top","_parent":{"__id__":2},"_children":[{"__id__":5},{"__id__":6},{"__id__":12}],"_components":[{"__type__":"cc.Widget","node":{"__id__":4},"_alignFlags":41},{"__type__":"5668ejrmVxC9ZyOw80jLDK1","node":{"__id__":4}}],"_contentSize":{"__type__":"cc.Size","width":720},"_position":{"__type__":"cc.Vec2","y":640}},{"__type__":"cc.Node","_name":"bg1","_parent":{"__id__":4},"_components":[{"__type__":"cc.Sprite","node":{"__id__":5},"_spriteFrame":{"__uuid__":"2d8z9vHKlMaqpKza/vpCIH"},"_sizeMode":0},{"__type__":"cc.Widget","node":{"__id__":5},"_alignFlags":1}],"_anchorPoint":{"__type__":"cc.Vec2","x":0.5,"y":1},"_contentSize":{"__type__":"cc.Size","width":720,"height":132}},{"__type__":"cc.Node","_name":"New Node","_parent":{"__id__":4},"_children":[{"__id__":7},{"__id__":8},{"__id__":9},{"__id__":10},{"__id__":11}],"_components":[{"__type__":"0fa5409unxIq6lWJ5q0GeCC","node":{"__id__":6}},{"__type__":"cc.Widget","node":{"__id__":6},"_alignFlags":8,"_left":120}],"_contentSize":{"__type__":"cc.Size","width":232,"height":50},"_position":{"__type__":"cc.Vec2","x":-124,"y":-70}},{"__type__":"cc.Node","_name":"word_beginner_zh","_parent":{"__id__":6},"_active":false,"_components":[{"__type__":"cc.Sprite","node":{"__id__":7},"_spriteFrame":{"__uuid__":"33h2oTQiRMBrdXYCI8W1tM"}},{"__type__":"4d706d6oTlOx4Ahq5+Ly1x8","node":{"__id__":7},"en":{"__uuid__":"c9WWmLI+1DHrMItrXISi30"},"zh":{"__uuid__":"33h2oTQiRMBrdXYCI8W1tM"}}],"_contentSize":{"__type__":"cc.Size","width":232,"height":39}},{"__type__":"cc.Node","_name":"word_regular_zh","_parent":{"__id__":6},"_active":false,"_components":[{"__type__":"cc.Sprite","node":{"__id__":8},"_spriteFrame":{"__uuid__":"b2iHjvzqFPCIl0d1b//XSj"}},{"__type__":"4d706d6oTlOx4Ahq5+Ly1x8","node":{"__id__":8},"en":{"__uuid__":"25NOZbD/RGW7KMi7UKY1hi"},"zh":{"__uuid__":"b2iHjvzqFPCIl0d1b//XSj"}}],"_contentSize":{"__type__":"cc.Size","width":232,"height":39}},{"__type__":"cc.Node","_name":"word_advanced_zh","_parent":{"__id__":6},"_active":false,"_components":[{"__type__":"cc.Sprite","node":{"__id__":9},"_spriteFrame":{"__uuid__":"86CHoUzN9BkKvCWmtheV4H"}},{"__type__":"4d706d6oTlOx4Ahq5+Ly1x8","node":{"__id__":9},"en":{"__uuid__":"3f24XrISBJEoYeIIjmwyA0"},"zh":{"__uuid__":"86CHoUzN9BkKvCWmtheV4H"}}],"_contentSize":{"__type__":"cc.Size","width":232,"height":39}},{"__type__":"cc.Node","_name":"word_expert_zh","_parent":{"__id__":6},"_active":false,"_components":[{"__type__":"cc.Sprite","node":{"__id__":10},"_spriteFrame":{"__uuid__":"72z9xENwhOWoxkh9itmdzU"}},{"__type__":"4d706d6oTlOx4Ahq5+Ly1x8","node":{"__id__":10},"en":{"__uuid__":"95sf1UhQVOFKLtr5HozRDU"},"zh":{"__uuid__":"72z9xENwhOWoxkh9itmdzU"}}],"_contentSize":{"__type__":"cc.Size","width":232,"height":39}},{"__type__":"cc.Node","_name":"word_master_zh","_parent":{"__id__":6},"_components":[{"__type__":"cc.Sprite","node":{"__id__":11},"_spriteFrame":{"__uuid__":"8fTjQ50dFEJqPaSzxRBMj0"}},{"__type__":"4d706d6oTlOx4Ahq5+Ly1x8","node":{"__id__":11},"en":{"__uuid__":"46/0hSjeJJ4p5fvumn1V6l"},"zh":{"__uuid__":"8fTjQ50dFEJqPaSzxRBMj0"}}],"_contentSize":{"__type__":"cc.Size","width":232,"height":39}},{"__type__":"cc.Node","_name":"back","_parent":{"__id__":4},"_components":[{"__type__":"cc.Sprite","node":{"__id__":12},"_spriteFrame":{"__uuid__":"1dRn7j4u1KfqBkEQ+EOTg1"}},{"__type__":"cc.Widget","node":{"__id__":12},"_alignFlags":9,"_left":18,"_top":18},{"__type__":"cc.Button","node":{"__id__":12},"transition":2,"clickEvents":[{"__type__":"cc.ClickEvent","target":{"__id__":13},"component":"LevelManager","handler":"onClickExit"}],"_N$normalSprite":{"__uuid__":"1dRn7j4u1KfqBkEQ+EOTg1"},"_N$pressedSprite":{"__uuid__":"a6eZy0UAFBqLL0DIV8ERtM"},"pressedSprite":{"__uuid__":"a6eZy0UAFBqLL0DIV8ERtM"},"_N$hoverSprite":{"__uuid__":"1dRn7j4u1KfqBkEQ+EOTg1"},"hoverSprite":{"__uuid__":"1dRn7j4u1KfqBkEQ+EOTg1"},"_N$disabledSprite":{"__uuid__":"1dRn7j4u1KfqBkEQ+EOTg1"},"_N$target":{"__id__":12}}],"_contentSize":{"__type__":"cc.Size","width":96,"height":96},"_position":{"__type__":"cc.Vec2","x":-294,"y":-66}},{"__type__":"cc.Node","_name":"LevelManager","_parent":{"__id__":2},"_components":[{"__type__":"6a9a0xBmetMnooyrVS3ug5d","node":{"__id__":13},"buttonNodeMold":{"__id__":14},"starNodeMold":{"__id__":26},"numberLabelNodeMold":{"__id__":28}}]},{"__type__":"cc.Node","_name":"button","_parent":{"__id__":15},"_active":false,"_components":[{"__type__":"cc.Sprite","node":{"__id__":14},"_spriteFrame":{"__uuid__":"28ast1CdFOOYahjDFTvhic"}},{"__type__":"3ce4agBJcxJC7mQ/I1i8AEH","node":{"__id__":14},"normalFrame":{"__uuid__":"28ast1CdFOOYahjDFTvhic"},"buttonPressFrame":{"__uuid__":"d2Xq0vavNGX4ugJOMrJwhT"},"invalidFrame":{"__uuid__":"e01VuOFhtI+IR96zetlvuv"}}],"_contentSize":{"__type__":"cc.Size","width":101,"height":100},"_position":{"__type__":"cc.Vec2","y":-60}},{"__type__":"cc.Node","_name":"New Node","_parent":{"__id__":16},"_children":[{"__id__":14}]},{"__type__":"cc.Node","_name":"content","_parent":{"__id__":17},"_children":[{"__id__":15},{"__id__":25},{"__id__":27}],"_components":[{"__type__":"cc.Widget","node":{"__id__":16},"_alignFlags":41,"_originalWidth":220}],"_anchorPoint":{"__type__":"cc.Vec2","x":0.5,"y":1},"_contentSize":{"__type__":"cc.Size","width":600,"height":400}},{"__type__":"cc.Node","_name":"view","_parent":{"__id__":18},"_children":[{"__id__":16}],"_components":[{"__type__":"cc.Mask","node":{"__id__":17}},{"__type__":"cc.Widget","node":{"__id__":17},"_alignFlags":45,"_originalWidth":240,"_originalHeight":250}],"_anchorPoint":{"__type__":"cc.Vec2","x":0.5,"y":1},"_contentSize":{"__type__":"cc.Size","width":600,"height":800}},{"__type__":"cc.Node","_name":"New ScrollView","_parent":{"__id__":19},"_children":[{"__id__":20},{"__id__":17}],"_components":[{"__type__":"cc.Sprite","node":{"__id__":18},"_enabled":false,"_spriteFrame":{"__uuid__":"9bvaMerUlDyary99mJa6xp"},"_type":1,"_sizeMode":0},{"__id__":24}],"_color":{"__type__":"cc.Color","r":184,"g":184,"b":184},"_anchorPoint":{"__type__":"cc.Vec2","x":0.5,"y":1},"_contentSize":{"__type__":"cc.Size","width":600,"height":800},"_position":{"__type__":"cc.Vec2","y":330}},{"__type__":"cc.Node","_name":"New Node","_parent":{"__id__":2},"_children":[{"__id__":18}]},{"__type__":"cc.Node","_name":"scrollBar","_parent":{"__id__":18},"_children":[{"__id__":21}],"_active":false,"_components":[{"__id__":23},{"__type__":"cc.Widget","node":{"__id__":20},"_alignFlags":37,"_left":350.07654921020657,"_originalHeight":237},{"__type__":"cc.Sprite","node":{"__id__":20},"_spriteFrame":{"__uuid__":"5f5dyqtRNNxaFmVzYns6FZ"},"_type":1,"_sizeMode":0}],"_color":{"__type__":"cc.Color","r":238,"g":217,"b":227},"_anchorPoint":{"__type__":"cc.Vec2","x":1,"y":0.5},"_contentSize":{"__type__":"cc.Size","width":12,"height":250},"_position":{"__type__":"cc.Vec2","x":275,"y":-125}},{"__type__":"cc.Node","_name":"bar","_parent":{"__id__":20},"_components":[{"__id__":22}],"_color":{"__type__":"cc.Color","r":236,"g":241,"b":245},"_anchorPoint":{"__type__":"cc.Vec2","x":1},"_contentSize":{"__type__":"cc.Size","width":10,"height":30},"_position":{"__type__":"cc.Vec2","x":-1}},{"__type__":"cc.Sprite","node":{"__id__":21},"_spriteFrame":{"__uuid__":"5cO7kybDxGj4ipyMYdRYZB"},"_type":1,"_sizeMode":0},{"__type__":"cc.Scrollbar","node":{"__id__":20},"_scrollView":{"__id__":24},"_N$handle":{"__id__":22},"_N$direction":1},{"__type__":"cc.ScrollView","node":{"__id__":18},"content":{"__id__":16},"horizontal":false,"brake":0.75,"elastic":false,"bounceDuration":0.23,"_N$horizontalScrollBar":null,"_N$verticalScrollBar":{"__id__":23}},{"__type__":"cc.Node","_name":"New Node","_parent":{"__id__":16},"_children":[{"__id__":26}]},{"__type__":"cc.Node","_name":"button_star","_parent":{"__id__":25},"_active":false,"_components":[{"__type__":"cc.Sprite","node":{"__id__":26},"_spriteFrame":{"__uuid__":"4el7c32HZJcYr95erV46Zn"}}],"_contentSize":{"__type__":"cc.Size","width":54,"height":52},"_position":{"__type__":"cc.Vec2","y":-44}},{"__type__":"cc.Node","_name":"New Node","_parent":{"__id__":16},"_children":[{"__id__":28}]},{"__type__":"cc.Node","_name":"New Label","_parent":{"__id__":27},"_active":false,"_components":[{"__type__":"cc.Label","node":{"__id__":28},"_useOriginalSize":false,"_actualFontSize":26,"_fontSize":22,"_lineHeight":22,"_N$file":{"__uuid__":"7cqT1NL/NJeYQyZI5oOHNo"},"_isSystemFontUsed":false,"_N$string":"001","_N$horizontalAlign":1,"_N$verticalAlign":1}],"_contentSize":{"__type__":"cc.Size","width":43,"height":26},"_position":{"__type__":"cc.Vec2","y":-90}},{"__type__":"cc.Node","_name":"ui-down","_parent":{"__id__":2},"_components":[{"__type__":"cc.Widget","node":{"__id__":29},"_alignFlags":44}],"_contentSize":{"__type__":"cc.Size","width":720},"_position":{"__type__":"cc.Vec2","y":-640}}]