[{"__type__":"cc.Prefab","_name":"pushH","data":{"__id__":1},"asyncLoadAssets":null},{"__type__":"cc.Node","_name":"pushH","_children":[{"__id__":2},{"__id__":76}],"_components":[{"__type__":"cc.Widget","node":{"__id__":1},"_alignFlags":45,"_originalWidth":720,"_originalHeight":1280}],"_prefab":{"__type__":"cc.PrefabInfo","root":{"__id__":1},"asset":{"__uuid__":"a6zz9Q4zVPML9SOmUAy+Oe"},"fileId":"a03wxn6GVCVas7nLA5GeHZ"},"_contentSize":{"__type__":"cc.Size","width":1280,"height":720}},{"__type__":"cc.Node","_name":"PushHorizontal","_parent":{"__id__":1},"_children":[{"__id__":3},{"__id__":6},{"__id__":41},{"__id__":64},{"__id__":65},{"__id__":66}],"_active":false,"_components":[{"__type__":"cc.Sprite","node":{"__id__":2},"_sizeMode":0,"_isTrimmedMode":false},{"__type__":"cc.Widget","node":{"__id__":2},"_alignFlags":45,"_originalWidth":960},{"__type__":"cc.Button","node":{"__id__":2},"_N$target":{"__id__":2}}],"_prefab":{"__type__":"cc.PrefabInfo","root":{"__id__":1},"asset":{"__uuid__":"a6zz9Q4zVPML9SOmUAy+Oe"},"fileId":"19Kz0NtSxKOIDdfEqTYiyH"},"_anchorPoint":{"__type__":"cc.Vec2","x":0.5,"y":1},"_contentSize":{"__type__":"cc.Size","width":1280,"height":720},"_position":{"__type__":"cc.Vec2","y":360}},{"__type__":"cc.Node","_name":"标题","_parent":{"__id__":2},"_children":[{"__id__":4}],"_components":[{"__type__":"cc.Widget","node":{"__id__":3},"_alignFlags":41},{"__type__":"cc.Sprite","node":{"__id__":3},"_spriteFrame":{"__uuid__":"8cfD1nz7tJIbM+DR5+xaGu"},"_sizeMode":0}],"_prefab":{"__type__":"cc.PrefabInfo","root":{"__id__":1},"asset":{"__uuid__":"a6zz9Q4zVPML9SOmUAy+Oe"},"fileId":"11oIvu//tBN6lPwhwARqBi"},"_anchorPoint":{"__type__":"cc.Vec2","x":0.5,"y":1},"_contentSize":{"__type__":"cc.Size","width":1280,"height":32}},{"__type__":"cc.Node","_name":"Label","_parent":{"__id__":3},"_components":[{"__id__":5},{"__type__":"cc.Widget","node":{"__id__":4},"_alignFlags":2}],"_prefab":{"__type__":"cc.PrefabInfo","root":{"__id__":1},"asset":{"__uuid__":"a6zz9Q4zVPML9SOmUAy+Oe"},"fileId":"79OofgtPJPKK9M+/vKCb0/"},"_contentSize":{"__type__":"cc.Size","width":126.73,"height":20},"_position":{"__type__":"cc.Vec2","y":-16}},{"__type__":"cc.Label","node":{"__id__":4},"_useOriginalSize":false,"_actualFontSize":20,"_fontSize":20,"_lineHeight":20,"_N$string":"2Baby Games","_N$horizontalAlign":1,"_N$verticalAlign":1},{"__type__":"cc.Node","_name":"推广列表","_parent":{"__id__":2},"_children":[{"__id__":7},{"__id__":36}],"_components":[{"__type__":"cc.Sprite","node":{"__id__":6},"_type":1,"_sizeMode":0},{"__id__":40},{"__type__":"cc.Widget","node":{"__id__":6},"_alignFlags":45,"_top":32.00000000000003,"_originalWidth":240,"_originalHeight":400}],"_prefab":{"__type__":"cc.PrefabInfo","root":{"__id__":1},"asset":{"__uuid__":"a6zz9Q4zVPML9SOmUAy+Oe"},"fileId":"3dx/z/B7dOCacsHmQ83Mce"},"_color":{"__type__":"cc.Color","r":184,"g":184,"b":184},"_anchorPoint":{"__type__":"cc.Vec2","x":0.5,"y":1},"_contentSize":{"__type__":"cc.Size","width":1280,"height":688},"_position":{"__type__":"cc.Vec2","y":-32}},{"__type__":"cc.Node","_name":"view","_parent":{"__id__":6},"_children":[{"__id__":8}],"_components":[{"__type__":"cc.Mask","node":{"__id__":7}},{"__type__":"cc.Widget","node":{"__id__":7},"_alignFlags":45,"_originalWidth":240,"_originalHeight":250}],"_prefab":{"__type__":"cc.PrefabInfo","root":{"__id__":1},"asset":{"__uuid__":"a6zz9Q4zVPML9SOmUAy+Oe"},"fileId":"1cvTMZfxJMZaGkFlo/VCKH"},"_anchorPoint":{"__type__":"cc.Vec2","x":0.5,"y":1},"_contentSize":{"__type__":"cc.Size","width":1280,"height":688}},{"__type__":"cc.Node","_name":"Layout","_parent":{"__id__":7},"_children":[{"__id__":9},{"__id__":26}],"_components":[{"__type__":"cc.Sprite","node":{"__id__":8},"_type":1,"_sizeMode":0},{"__id__":35},{"__type__":"cc.Widget","node":{"__id__":8},"_alignFlags":41,"_originalWidth":960}],"_prefab":{"__type__":"cc.PrefabInfo","root":{"__id__":1},"asset":{"__uuid__":"a6zz9Q4zVPML9SOmUAy+Oe"},"fileId":"147nbXW9pPG76vmjRUnYY1"},"_color":{"__type__":"cc.Color","r":167,"g":167,"b":167},"_anchorPoint":{"__type__":"cc.Vec2","x":0.5,"y":1},"_contentSize":{"__type__":"cc.Size","width":1280,"height":213}},{"__type__":"cc.Node","_name":"bigView1","_parent":{"__id__":8},"_children":[{"__id__":10},{"__id__":11}],"_components":[{"__type__":"cc.Widget","node":{"__id__":9},"_alignFlags":40}],"_prefab":{"__type__":"cc.PrefabInfo","root":{"__id__":1},"asset":{"__uuid__":"a6zz9Q4zVPML9SOmUAy+Oe"},"fileId":"c4s0BvoPBKDKDWf7NQRsXZ"},"_anchorPoint":{"__type__":"cc.Vec2","x":0.5,"y":1},"_contentSize":{"__type__":"cc.Size","width":1280,"height":106.5}},{"__type__":"cc.Node","_name":"colorBackground","_parent":{"__id__":9},"_components":[{"__type__":"cc.Sprite","node":{"__id__":10},"_spriteFrame":{"__uuid__":"8cfD1nz7tJIbM+DR5+xaGu"},"_sizeMode":0,"_isTrimmedMode":false},{"__type__":"cc.Widget","node":{"__id__":10},"_alignFlags":40,"_originalWidth":960}],"_prefab":{"__type__":"cc.PrefabInfo","root":{"__id__":1},"asset":{"__uuid__":"a6zz9Q4zVPML9SOmUAy+Oe"},"fileId":"1f5PZYxUFOQYC3GenKQTZM"},"_anchorPoint":{"__type__":"cc.Vec2","x":0.5,"y":1},"_contentSize":{"__type__":"cc.Size","width":1280,"height":32},"_position":{"__type__":"cc.Vec2","y":-213}},{"__type__":"cc.Node","_name":"推广大图","_parent":{"__id__":9},"_children":[{"__id__":12},{"__id__":18}],"_components":[{"__type__":"cc.Sprite","node":{"__id__":11},"_type":1,"_sizeMode":0},{"__id__":16},{"__type__":"cc.Widget","node":{"__id__":11},"_alignFlags":40,"_originalWidth":1446}],"_prefab":{"__type__":"cc.PrefabInfo","root":{"__id__":1},"asset":{"__uuid__":"a6zz9Q4zVPML9SOmUAy+Oe"},"fileId":"47j3o2WW5AcZx4WHT8NcPg"},"_color":{"__type__":"cc.Color","r":184,"g":184,"b":184},"_anchorPoint":{"__type__":"cc.Vec2","x":0.5,"y":1},"_contentSize":{"__type__":"cc.Size","width":1280,"height":213}},{"__type__":"cc.Node","_name":"scrollBar","_parent":{"__id__":11},"_children":[{"__id__":13}],"_active":false,"_components":[{"__id__":15},{"__type__":"cc.Widget","node":{"__id__":12},"_alignFlags":37,"_left":350.07654921020657,"_originalHeight":237},{"__type__":"cc.Sprite","node":{"__id__":12},"_type":1,"_sizeMode":0}],"_prefab":{"__type__":"cc.PrefabInfo","root":{"__id__":1},"asset":{"__uuid__":"a6zz9Q4zVPML9SOmUAy+Oe"},"fileId":"fby8/qUjpMHYZH4I7MIAYv"},"_color":{"__type__":"cc.Color","r":238,"g":217,"b":227},"_anchorPoint":{"__type__":"cc.Vec2","x":1,"y":0.5},"_contentSize":{"__type__":"cc.Size","width":12,"height":228},"_position":{"__type__":"cc.Vec2","x":480,"y":-114}},{"__type__":"cc.Node","_name":"bar","_parent":{"__id__":12},"_components":[{"__id__":14}],"_prefab":{"__type__":"cc.PrefabInfo","root":{"__id__":1},"asset":{"__uuid__":"a6zz9Q4zVPML9SOmUAy+Oe"},"fileId":"79Nsfb/zVNMZLpVBPGpAAq"},"_color":{"__type__":"cc.Color","r":236,"g":241,"b":245},"_anchorPoint":{"__type__":"cc.Vec2","x":1},"_contentSize":{"__type__":"cc.Size","width":10,"height":30},"_position":{"__type__":"cc.Vec2","x":-1}},{"__type__":"cc.Sprite","node":{"__id__":13},"_type":1,"_sizeMode":0},{"__type__":"cc.Scrollbar","node":{"__id__":12},"_scrollView":{"__id__":16},"_N$handle":{"__id__":14},"_N$direction":1},{"__type__":"cc.ScrollView","node":{"__id__":11},"content":{"__id__":17},"vertical":false,"elastic":false,"bounceDuration":0.23,"_N$horizontalScrollBar":null,"_N$verticalScrollBar":{"__id__":15}},{"__type__":"cc.Node","_name":"content","_parent":{"__id__":18},"_children":[{"__id__":19},{"__id__":20},{"__id__":21},{"__id__":22},{"__id__":23},{"__id__":24},{"__id__":25}],"_components":[{"__type__":"cc.Layout","node":{"__id__":17},"_layoutSize":{"__type__":"cc.Size","width":3374,"height":215},"_resize":1,"_N$layoutType":1}],"_prefab":{"__type__":"cc.PrefabInfo","root":{"__id__":1},"asset":{"__uuid__":"a6zz9Q4zVPML9SOmUAy+Oe"},"fileId":"734kiSjOpHTaxAFwHFZjM5"},"_anchorPoint":{"__type__":"cc.Vec2","x":0.5,"y":1},"_contentSize":{"__type__":"cc.Size","width":3374,"height":215}},{"__type__":"cc.Node","_name":"view","_parent":{"__id__":11},"_children":[{"__id__":17}],"_components":[{"__type__":"cc.Mask","node":{"__id__":18}},{"__type__":"cc.Widget","node":{"__id__":18},"_alignFlags":40,"_originalWidth":960}],"_prefab":{"__type__":"cc.PrefabInfo","root":{"__id__":1},"asset":{"__uuid__":"a6zz9Q4zVPML9SOmUAy+Oe"},"fileId":"12Y352AdBIFbZMwu6/8nOJ"},"_anchorPoint":{"__type__":"cc.Vec2","x":0.5,"y":1},"_contentSize":{"__type__":"cc.Size","width":1280,"height":215}},{"__type__":"cc.Node","_name":"xuanchuantu","_parent":{"__id__":17},"_components":[{"__type__":"cc.Sprite","node":{"__id__":19},"_spriteFrame":{"__uuid__":"f0O/x96FRLX5VPD5st2F8l"},"_sizeMode":0,"_isTrimmedMode":false}],"_prefab":{"__type__":"cc.PrefabInfo","root":{"__id__":1},"asset":{"__uuid__":"a6zz9Q4zVPML9SOmUAy+Oe"},"fileId":"9fH0kMecRMl5Z7R5ezhJkE"},"_contentSize":{"__type__":"cc.Size","width":482,"height":215},"_position":{"__type__":"cc.Vec2","x":-1446,"y":-108.01}},{"__type__":"cc.Node","_name":"xuanchuantu","_parent":{"__id__":17},"_components":[{"__type__":"cc.Sprite","node":{"__id__":20},"_spriteFrame":{"__uuid__":"f0O/x96FRLX5VPD5st2F8l"},"_sizeMode":0,"_isTrimmedMode":false}],"_prefab":{"__type__":"cc.PrefabInfo","root":{"__id__":1},"asset":{"__uuid__":"a6zz9Q4zVPML9SOmUAy+Oe"},"fileId":"c15q6x/+FHJKmOpkgeEoad"},"_contentSize":{"__type__":"cc.Size","width":482,"height":215},"_position":{"__type__":"cc.Vec2","x":-964,"y":-108.01}},{"__type__":"cc.Node","_name":"xuanchuantu","_parent":{"__id__":17},"_components":[{"__type__":"cc.Sprite","node":{"__id__":21},"_spriteFrame":{"__uuid__":"f0O/x96FRLX5VPD5st2F8l"},"_sizeMode":0,"_isTrimmedMode":false}],"_prefab":{"__type__":"cc.PrefabInfo","root":{"__id__":1},"asset":{"__uuid__":"a6zz9Q4zVPML9SOmUAy+Oe"},"fileId":"a2XHTQ6xdBP717L7OUwGCw"},"_contentSize":{"__type__":"cc.Size","width":482,"height":215},"_position":{"__type__":"cc.Vec2","x":-482,"y":-108.01}},{"__type__":"cc.Node","_name":"xuanchuantu","_parent":{"__id__":17},"_components":[{"__type__":"cc.Sprite","node":{"__id__":22},"_spriteFrame":{"__uuid__":"f0O/x96FRLX5VPD5st2F8l"},"_sizeMode":0,"_isTrimmedMode":false}],"_prefab":{"__type__":"cc.PrefabInfo","root":{"__id__":1},"asset":{"__uuid__":"a6zz9Q4zVPML9SOmUAy+Oe"},"fileId":"f7LaRCu4JEFY1VEKrNr7Xe"},"_contentSize":{"__type__":"cc.Size","width":482,"height":215},"_position":{"__type__":"cc.Vec2","y":-108.01}},{"__type__":"cc.Node","_name":"xuanchuantu","_parent":{"__id__":17},"_components":[{"__type__":"cc.Sprite","node":{"__id__":23},"_spriteFrame":{"__uuid__":"f0O/x96FRLX5VPD5st2F8l"},"_sizeMode":0,"_isTrimmedMode":false}],"_prefab":{"__type__":"cc.PrefabInfo","root":{"__id__":1},"asset":{"__uuid__":"a6zz9Q4zVPML9SOmUAy+Oe"},"fileId":"c5tYSTzcFL66/UWYQCwLYx"},"_contentSize":{"__type__":"cc.Size","width":482,"height":215},"_position":{"__type__":"cc.Vec2","x":482,"y":-108.01}},{"__type__":"cc.Node","_name":"xuanchuantu","_parent":{"__id__":17},"_components":[{"__type__":"cc.Sprite","node":{"__id__":24},"_spriteFrame":{"__uuid__":"f0O/x96FRLX5VPD5st2F8l"},"_sizeMode":0,"_isTrimmedMode":false}],"_prefab":{"__type__":"cc.PrefabInfo","root":{"__id__":1},"asset":{"__uuid__":"a6zz9Q4zVPML9SOmUAy+Oe"},"fileId":"b36u3CntNNYYZEVBcvDHbx"},"_contentSize":{"__type__":"cc.Size","width":482,"height":215},"_position":{"__type__":"cc.Vec2","x":964,"y":-108.01}},{"__type__":"cc.Node","_name":"xuanchuantu","_parent":{"__id__":17},"_components":[{"__type__":"cc.Sprite","node":{"__id__":25},"_spriteFrame":{"__uuid__":"f0O/x96FRLX5VPD5st2F8l"},"_sizeMode":0,"_isTrimmedMode":false}],"_prefab":{"__type__":"cc.PrefabInfo","root":{"__id__":1},"asset":{"__uuid__":"a6zz9Q4zVPML9SOmUAy+Oe"},"fileId":"53Bx/OAL9PRoUyGSnuC3ng"},"_contentSize":{"__type__":"cc.Size","width":482,"height":215},"_position":{"__type__":"cc.Vec2","x":1446,"y":-108.01}},{"__type__":"cc.Node","_name":"bigView2","_parent":{"__id__":8},"_children":[{"__id__":27},{"__id__":28},{"__id__":29},{"__id__":30},{"__id__":31},{"__id__":32},{"__id__":33},{"__id__":34}],"_components":[{"__type__":"ae3eepTvYVMH7pPVPQ2k3Rj","node":{"__id__":26},"scrollView":{"__id__":16},"pointRemovableNode":{"__id__":34},"pointNodes":[{"__id__":27},{"__id__":28},{"__id__":29},{"__id__":30},{"__id__":31},{"__id__":32},{"__id__":33}]}],"_prefab":{"__type__":"cc.PrefabInfo","root":{"__id__":1},"asset":{"__uuid__":"a6zz9Q4zVPML9SOmUAy+Oe"},"fileId":"09FvUGhPRLLqsilLhx/0av"},"_anchorPoint":{"__type__":"cc.Vec2","x":0.5},"_contentSize":{"__type__":"cc.Size","height":106.5},"_position":{"__type__":"cc.Vec2","y":-213}},{"__type__":"cc.Node","_name":"point0","_parent":{"__id__":26},"_components":[{"__type__":"cc.Sprite","node":{"__id__":27},"_spriteFrame":{"__uuid__":"6f7UiWoMNHloJq6oxjT8lh"}}],"_prefab":{"__type__":"cc.PrefabInfo","root":{"__id__":1},"asset":{"__uuid__":"a6zz9Q4zVPML9SOmUAy+Oe"},"fileId":"03emeKwRRFTql6WBmK+OEH"},"_contentSize":{"__type__":"cc.Size","width":12,"height":12},"_position":{"__type__":"cc.Vec2","x":-90,"y":25}},{"__type__":"cc.Node","_name":"point1","_parent":{"__id__":26},"_components":[{"__type__":"cc.Sprite","node":{"__id__":28},"_spriteFrame":{"__uuid__":"6f7UiWoMNHloJq6oxjT8lh"}}],"_prefab":{"__type__":"cc.PrefabInfo","root":{"__id__":1},"asset":{"__uuid__":"a6zz9Q4zVPML9SOmUAy+Oe"},"fileId":"20ZxLTHE5BHqDGbnYq/Jay"},"_contentSize":{"__type__":"cc.Size","width":12,"height":12},"_position":{"__type__":"cc.Vec2","x":-60,"y":25}},{"__type__":"cc.Node","_name":"point2","_parent":{"__id__":26},"_components":[{"__type__":"cc.Sprite","node":{"__id__":29},"_spriteFrame":{"__uuid__":"6f7UiWoMNHloJq6oxjT8lh"}}],"_prefab":{"__type__":"cc.PrefabInfo","root":{"__id__":1},"asset":{"__uuid__":"a6zz9Q4zVPML9SOmUAy+Oe"},"fileId":"bc3NtNZTxFGr/S7w9OT7md"},"_contentSize":{"__type__":"cc.Size","width":12,"height":12},"_position":{"__type__":"cc.Vec2","x":-30,"y":25}},{"__type__":"cc.Node","_name":"point3","_parent":{"__id__":26},"_components":[{"__type__":"cc.Sprite","node":{"__id__":30},"_spriteFrame":{"__uuid__":"6f7UiWoMNHloJq6oxjT8lh"}}],"_prefab":{"__type__":"cc.PrefabInfo","root":{"__id__":1},"asset":{"__uuid__":"a6zz9Q4zVPML9SOmUAy+Oe"},"fileId":"7c0vQ75FdBGKc0Ed7FyGWd"},"_contentSize":{"__type__":"cc.Size","width":12,"height":12},"_position":{"__type__":"cc.Vec2","y":25}},{"__type__":"cc.Node","_name":"point4","_parent":{"__id__":26},"_components":[{"__type__":"cc.Sprite","node":{"__id__":31},"_spriteFrame":{"__uuid__":"6f7UiWoMNHloJq6oxjT8lh"}}],"_prefab":{"__type__":"cc.PrefabInfo","root":{"__id__":1},"asset":{"__uuid__":"a6zz9Q4zVPML9SOmUAy+Oe"},"fileId":"86ViYTdlVPpqcpAfmLHO2J"},"_contentSize":{"__type__":"cc.Size","width":12,"height":12},"_position":{"__type__":"cc.Vec2","x":30,"y":25}},{"__type__":"cc.Node","_name":"point5","_parent":{"__id__":26},"_components":[{"__type__":"cc.Sprite","node":{"__id__":32},"_spriteFrame":{"__uuid__":"6f7UiWoMNHloJq6oxjT8lh"}}],"_prefab":{"__type__":"cc.PrefabInfo","root":{"__id__":1},"asset":{"__uuid__":"a6zz9Q4zVPML9SOmUAy+Oe"},"fileId":"70AGnzUqZEtaX8EuDzML44"},"_contentSize":{"__type__":"cc.Size","width":12,"height":12},"_position":{"__type__":"cc.Vec2","x":60,"y":25}},{"__type__":"cc.Node","_name":"point6","_parent":{"__id__":26},"_components":[{"__type__":"cc.Sprite","node":{"__id__":33},"_spriteFrame":{"__uuid__":"6f7UiWoMNHloJq6oxjT8lh"}}],"_prefab":{"__type__":"cc.PrefabInfo","root":{"__id__":1},"asset":{"__uuid__":"a6zz9Q4zVPML9SOmUAy+Oe"},"fileId":"acihBV4g1P9bBieAC7MidE"},"_contentSize":{"__type__":"cc.Size","width":12,"height":12},"_position":{"__type__":"cc.Vec2","x":90,"y":25}},{"__type__":"cc.Node","_name":"point","_parent":{"__id__":26},"_components":[{"__type__":"cc.Sprite","node":{"__id__":34},"_spriteFrame":{"__uuid__":"6f7UiWoMNHloJq6oxjT8lh"}}],"_prefab":{"__type__":"cc.PrefabInfo","root":{"__id__":1},"asset":{"__uuid__":"a6zz9Q4zVPML9SOmUAy+Oe"},"fileId":"df+MEbM3xPgbtM6YE9GxJx"},"_color":{"__type__":"cc.Color","r":146,"g":146,"b":146},"_contentSize":{"__type__":"cc.Size","width":12,"height":12},"_position":{"__type__":"cc.Vec2","y":25}},{"__type__":"cc.Layout","node":{"__id__":8},"_layoutSize":{"__type__":"cc.Size","width":1280,"height":213},"_resize":2,"_N$layoutType":2},{"__type__":"cc.Node","_name":"scrollBar","_parent":{"__id__":6},"_children":[{"__id__":37}],"_components":[{"__id__":39},{"__type__":"cc.Widget","node":{"__id__":36},"_alignFlags":37,"_left":350.07654921020657,"_originalHeight":237},{"__type__":"cc.Sprite","node":{"__id__":36},"_spriteFrame":{"__uuid__":"94qcr+wlNJa6rD1xhvmFQ2"},"_type":1,"_sizeMode":0}],"_prefab":{"__type__":"cc.PrefabInfo","root":{"__id__":1},"asset":{"__uuid__":"a6zz9Q4zVPML9SOmUAy+Oe"},"fileId":"59IFiwOotC9JJ97NI6wrxc"},"_color":{"__type__":"cc.Color","r":238,"g":217,"b":227},"_anchorPoint":{"__type__":"cc.Vec2","x":1,"y":0.5},"_contentSize":{"__type__":"cc.Size","width":12,"height":688},"_position":{"__type__":"cc.Vec2","x":640,"y":-344}},{"__type__":"cc.Node","_name":"bar","_parent":{"__id__":36},"_components":[{"__id__":38}],"_prefab":{"__type__":"cc.PrefabInfo","root":{"__id__":1},"asset":{"__uuid__":"a6zz9Q4zVPML9SOmUAy+Oe"},"fileId":"23YokImAFLSKnZ8O5oDZJt"},"_color":{"__type__":"cc.Color","r":236,"g":241,"b":245},"_anchorPoint":{"__type__":"cc.Vec2","x":1},"_contentSize":{"__type__":"cc.Size","width":10,"height":30},"_position":{"__type__":"cc.Vec2","x":-1}},{"__type__":"cc.Sprite","node":{"__id__":37},"_spriteFrame":{"__uuid__":"b2awR/5fRNv4L8aANuGuS7"},"_type":1,"_sizeMode":0},{"__type__":"cc.Scrollbar","node":{"__id__":36},"_scrollView":{"__id__":40},"_N$handle":{"__id__":38},"_N$direction":1},{"__type__":"cc.ScrollView","node":{"__id__":6},"content":{"__id__":8},"horizontal":false,"brake":0.75,"elastic":false,"bounceDuration":0.23,"_N$horizontalScrollBar":null,"_N$verticalScrollBar":{"__id__":39}},{"__type__":"cc.Node","_name":"content-1","_parent":{"__id__":2},"_children":[{"__id__":42},{"__id__":53}],"_components":[{"__type__":"cc.Sprite","node":{"__id__":41},"_type":1,"_sizeMode":0},{"__type__":"cc.Layout","node":{"__id__":41},"_layoutSize":{"__type__":"cc.Size","width":1280,"height":114},"_resize":2,"_N$layoutType":1,"_N$cellSize":{"__type__":"cc.Size","width":480,"height":144}},{"__type__":"cc.Widget","node":{"__id__":41},"_alignFlags":40,"_originalWidth":960}],"_prefab":{"__type__":"cc.PrefabInfo","root":{"__id__":1},"asset":{"__uuid__":"a6zz9Q4zVPML9SOmUAy+Oe"},"fileId":"7aW2UTmo9K54c630XomrwW"},"_color":{"__type__":"cc.Color","r":167,"g":167,"b":167},"_anchorPoint":{"__type__":"cc.Vec2","x":0.5,"y":1},"_contentSize":{"__type__":"cc.Size","width":1280,"height":114},"_position":{"__type__":"cc.Vec2","y":-1428}},{"__type__":"cc.Node","_name":"item","_parent":{"__id__":41},"_children":[{"__id__":43},{"__id__":45},{"__type__":"cc.Node","_name":"文字扩展区域","_parent":{"__id__":42},"_prefab":{"__type__":"cc.PrefabInfo","root":{"__id__":1},"asset":{"__uuid__":"a6zz9Q4zVPML9SOmUAy+Oe"},"fileId":"29b2wt0TBNLZ4H4IwgwEfI"},"_contentSize":{"__type__":"cc.Size","width":157.5},"_position":{"__type__":"cc.Vec2","x":83.75}},{"__id__":50}],"_components":[{"__type__":"cc.Sprite","node":{"__id__":42},"_spriteFrame":{"__uuid__":"e13dGkMI9BbZppHlAyDxRm"},"_sizeMode":0,"_isTrimmedMode":false},{"__type__":"cc.Layout","node":{"__id__":42},"_layoutSize":{"__type__":"cc.Size","width":640,"height":114},"_resize":2,"_N$layoutType":1,"_N$paddingLeft":10},{"__type__":"2ebb1fOaWZN5a6DJN2rmUV6","node":{"__id__":42},"iconNode":{"__id__":44},"gameNameLabel":{"__id__":47},"gameDescribeLabel":{"__id__":49},"downloadNode":{"__id__":51}}],"_prefab":{"__type__":"cc.PrefabInfo","root":{"__id__":1},"asset":{"__uuid__":"a6zz9Q4zVPML9SOmUAy+Oe"},"fileId":"9e64tpdBBLp4zAYBfd71uQ"},"_color":{"__type__":"cc.Color","r":253,"g":253,"b":253},"_contentSize":{"__type__":"cc.Size","width":640,"height":114},"_position":{"__type__":"cc.Vec2","x":-320,"y":-58}},{"__type__":"cc.Node","_name":"图标区域","_parent":{"__id__":42},"_children":[{"__id__":44}],"_prefab":{"__type__":"cc.PrefabInfo","root":{"__id__":1},"asset":{"__uuid__":"a6zz9Q4zVPML9SOmUAy+Oe"},"fileId":"afFj7LqaFMxq4+7ouoDo9g"},"_contentSize":{"__type__":"cc.Size","width":157.5},"_position":{"__type__":"cc.Vec2","x":-231.25}},{"__type__":"cc.Node","_name":"icon","_parent":{"__id__":43},"_components":[{"__type__":"cc.Sprite","node":{"__id__":44},"_spriteFrame":{"__uuid__":"d4iyZOPmtMOrCBd9Xkanmj"},"_sizeMode":0,"_isTrimmedMode":false}],"_prefab":{"__type__":"cc.PrefabInfo","root":{"__id__":1},"asset":{"__uuid__":"a6zz9Q4zVPML9SOmUAy+Oe"},"fileId":"db3UjqGDRN8LnwZrwddgJQ"},"_contentSize":{"__type__":"cc.Size","width":96,"height":96}},{"__type__":"cc.Node","_name":"文字区域","_parent":{"__id__":42},"_children":[{"__id__":46},{"__id__":48}],"_prefab":{"__type__":"cc.PrefabInfo","root":{"__id__":1},"asset":{"__uuid__":"a6zz9Q4zVPML9SOmUAy+Oe"},"fileId":"59Nzlfz/tJA49jbi1DyO+m"},"_anchorPoint":{"__type__":"cc.Vec2","y":0.5},"_contentSize":{"__type__":"cc.Size","width":157.5},"_position":{"__type__":"cc.Vec2","x":-152.5}},{"__type__":"cc.Node","_name":"游戏名称","_parent":{"__id__":45},"_components":[{"__id__":47}],"_prefab":{"__type__":"cc.PrefabInfo","root":{"__id__":1},"asset":{"__uuid__":"a6zz9Q4zVPML9SOmUAy+Oe"},"fileId":"8bjG4c9vlCv7JTO49k/0aw"},"_color":{"__type__":"cc.Color"},"_anchorPoint":{"__type__":"cc.Vec2","y":1},"_contentSize":{"__type__":"cc.Size","width":32,"height":16},"_position":{"__type__":"cc.Vec2","y":37.6}},{"__type__":"cc.Label","node":{"__id__":46},"_useOriginalSize":false,"_actualFontSize":16,"_fontSize":16,"_lineHeight":16,"_N$string":"动物"},{"__type__":"cc.Node","_name":"游戏简介","_parent":{"__id__":45},"_components":[{"__id__":49}],"_prefab":{"__type__":"cc.PrefabInfo","root":{"__id__":1},"asset":{"__uuid__":"a6zz9Q4zVPML9SOmUAy+Oe"},"fileId":"561qXhbYtEiYYBX4ch8J5Y"},"_color":{"__type__":"cc.Color"},"_anchorPoint":{"__type__":"cc.Vec2","y":1},"_contentSize":{"__type__":"cc.Size","width":200,"height":50},"_position":{"__type__":"cc.Vec2","y":11.4}},{"__type__":"cc.Label","node":{"__id__":48},"_useOriginalSize":false,"_actualFontSize":12,"_fontSize":12,"_lineHeight":12,"_N$string":"只有按钮一直可见的死亡复活和存档机会可能会出现获取广告失败的情况。","_N$overflow":2},{"__type__":"cc.Node","_name":"按钮区域","_parent":{"__id__":42},"_children":[{"__id__":51}],"_prefab":{"__type__":"cc.PrefabInfo","root":{"__id__":1},"asset":{"__uuid__":"a6zz9Q4zVPML9SOmUAy+Oe"},"fileId":"554b3PHzJPA6vpqKcoz1P1"},"_contentSize":{"__type__":"cc.Size","width":157.5},"_position":{"__type__":"cc.Vec2","x":241.25}},{"__type__":"cc.Node","_name":"aniu","_parent":{"__id__":50},"_children":[{"__id__":52}],"_components":[{"__type__":"cc.Sprite","node":{"__id__":51},"_spriteFrame":{"__uuid__":"0dQoemm9ZFeLMgqL4ar26C"},"_sizeMode":0,"_isTrimmedMode":false},{"__type__":"cc.Button","node":{"__id__":51},"transition":2,"clickEvents":[{"__type__":"cc.ClickEvent","target":{"__id__":42},"component":"PushLayoutItem","handler":"onClickDownload"}],"_N$normalSprite":{"__uuid__":"0dQoemm9ZFeLMgqL4ar26C"},"_N$pressedSprite":{"__uuid__":"f2QevKpVhN7poDdKJIyNQ5"},"pressedSprite":{"__uuid__":"f2QevKpVhN7poDdKJIyNQ5"},"_N$hoverSprite":{"__uuid__":"0dQoemm9ZFeLMgqL4ar26C"},"hoverSprite":{"__uuid__":"0dQoemm9ZFeLMgqL4ar26C"},"_N$disabledSprite":{"__uuid__":"0dQoemm9ZFeLMgqL4ar26C"},"_N$target":{"__id__":51}}],"_prefab":{"__type__":"cc.PrefabInfo","root":{"__id__":1},"asset":{"__uuid__":"a6zz9Q4zVPML9SOmUAy+Oe"},"fileId":"c6YfEv6slJB44tR1t183zJ"},"_contentSize":{"__type__":"cc.Size","width":98,"height":48}},{"__type__":"cc.Node","_name":"下载","_parent":{"__id__":51},"_components":[{"__type__":"cc.Label","node":{"__id__":52},"_useOriginalSize":false,"_actualFontSize":16,"_fontSize":16,"_lineHeight":16,"_N$string":"GET","_N$horizontalAlign":1,"_N$verticalAlign":1,"_N$overflow":2}],"_prefab":{"__type__":"cc.PrefabInfo","root":{"__id__":1},"asset":{"__uuid__":"a6zz9Q4zVPML9SOmUAy+Oe"},"fileId":"a90wTBM+VMc5p7YQWx346w"},"_contentSize":{"__type__":"cc.Size","width":60,"height":20}},{"__type__":"cc.Node","_name":"item","_parent":{"__id__":41},"_children":[{"__id__":54},{"__id__":56},{"__type__":"cc.Node","_name":"文字扩展区域","_parent":{"__id__":53},"_prefab":{"__type__":"cc.PrefabInfo","root":{"__id__":1},"asset":{"__uuid__":"a6zz9Q4zVPML9SOmUAy+Oe"},"fileId":"d0LZbibTxGR6O6h6RZ4DmG"},"_contentSize":{"__type__":"cc.Size","width":157.5},"_position":{"__type__":"cc.Vec2","x":83.75}},{"__id__":61}],"_components":[{"__type__":"cc.Sprite","node":{"__id__":53},"_spriteFrame":{"__uuid__":"e13dGkMI9BbZppHlAyDxRm"},"_sizeMode":0,"_isTrimmedMode":false},{"__type__":"cc.Layout","node":{"__id__":53},"_layoutSize":{"__type__":"cc.Size","width":640,"height":114},"_resize":2,"_N$layoutType":1,"_N$paddingLeft":10},{"__type__":"2ebb1fOaWZN5a6DJN2rmUV6","node":{"__id__":53},"iconNode":{"__id__":55},"gameNameLabel":{"__id__":58},"gameDescribeLabel":{"__id__":60},"downloadNode":{"__id__":62}}],"_prefab":{"__type__":"cc.PrefabInfo","root":{"__id__":1},"asset":{"__uuid__":"a6zz9Q4zVPML9SOmUAy+Oe"},"fileId":"b5SzbAP7NDX6JUj6eVBiIe"},"_contentSize":{"__type__":"cc.Size","width":640,"height":114},"_position":{"__type__":"cc.Vec2","x":320,"y":-58}},{"__type__":"cc.Node","_name":"图标区域","_parent":{"__id__":53},"_children":[{"__id__":55}],"_prefab":{"__type__":"cc.PrefabInfo","root":{"__id__":1},"asset":{"__uuid__":"a6zz9Q4zVPML9SOmUAy+Oe"},"fileId":"3c8zHf1DZF1KDyM3ANf1Bn"},"_contentSize":{"__type__":"cc.Size","width":157.5},"_position":{"__type__":"cc.Vec2","x":-231.25}},{"__type__":"cc.Node","_name":"icon","_parent":{"__id__":54},"_components":[{"__type__":"cc.Sprite","node":{"__id__":55},"_spriteFrame":{"__uuid__":"d4iyZOPmtMOrCBd9Xkanmj"},"_sizeMode":0}],"_prefab":{"__type__":"cc.PrefabInfo","root":{"__id__":1},"asset":{"__uuid__":"a6zz9Q4zVPML9SOmUAy+Oe"},"fileId":"c8KvpOmYtDj7HtIJZYbEC7"},"_contentSize":{"__type__":"cc.Size","width":96,"height":96}},{"__type__":"cc.Node","_name":"文字区域","_parent":{"__id__":53},"_children":[{"__id__":57},{"__id__":59}],"_prefab":{"__type__":"cc.PrefabInfo","root":{"__id__":1},"asset":{"__uuid__":"a6zz9Q4zVPML9SOmUAy+Oe"},"fileId":"99RveAHchACZSwYpNFWbZ4"},"_anchorPoint":{"__type__":"cc.Vec2","y":0.5},"_contentSize":{"__type__":"cc.Size","width":157.5},"_position":{"__type__":"cc.Vec2","x":-152.5}},{"__type__":"cc.Node","_name":"游戏名称","_parent":{"__id__":56},"_components":[{"__id__":58}],"_prefab":{"__type__":"cc.PrefabInfo","root":{"__id__":1},"asset":{"__uuid__":"a6zz9Q4zVPML9SOmUAy+Oe"},"fileId":"ae89GTuUdEhrko/fLVOmeC"},"_color":{"__type__":"cc.Color"},"_anchorPoint":{"__type__":"cc.Vec2","y":1},"_contentSize":{"__type__":"cc.Size","width":32,"height":16},"_position":{"__type__":"cc.Vec2","y":37.6}},{"__type__":"cc.Label","node":{"__id__":57},"_useOriginalSize":false,"_actualFontSize":16,"_fontSize":16,"_lineHeight":16,"_N$string":"动物"},{"__type__":"cc.Node","_name":"游戏简介","_parent":{"__id__":56},"_components":[{"__id__":60}],"_prefab":{"__type__":"cc.PrefabInfo","root":{"__id__":1},"asset":{"__uuid__":"a6zz9Q4zVPML9SOmUAy+Oe"},"fileId":"bflglyGTFONof8pYFYD0K0"},"_color":{"__type__":"cc.Color"},"_anchorPoint":{"__type__":"cc.Vec2","y":1},"_contentSize":{"__type__":"cc.Size","width":200,"height":50},"_position":{"__type__":"cc.Vec2","y":11.4}},{"__type__":"cc.Label","node":{"__id__":59},"_useOriginalSize":false,"_actualFontSize":12,"_fontSize":12,"_lineHeight":12,"_N$string":"只有按钮一直可见的死亡复活和存档机会可能会出现获取广告失败的情况。","_N$overflow":2},{"__type__":"cc.Node","_name":"按钮区域","_parent":{"__id__":53},"_children":[{"__id__":62}],"_prefab":{"__type__":"cc.PrefabInfo","root":{"__id__":1},"asset":{"__uuid__":"a6zz9Q4zVPML9SOmUAy+Oe"},"fileId":"derGk4r3BO9LqksQSOvt4D"},"_contentSize":{"__type__":"cc.Size","width":157.5},"_position":{"__type__":"cc.Vec2","x":241.25}},{"__type__":"cc.Node","_name":"aniu","_parent":{"__id__":61},"_children":[{"__id__":63}],"_components":[{"__type__":"cc.Sprite","node":{"__id__":62},"_spriteFrame":{"__uuid__":"0dQoemm9ZFeLMgqL4ar26C"},"_sizeMode":0,"_isTrimmedMode":false},{"__type__":"cc.Button","node":{"__id__":62},"transition":2,"clickEvents":[{"__type__":"cc.ClickEvent","target":{"__id__":53},"component":"PushLayoutItem","handler":"onClickDownload"}],"_N$normalSprite":{"__uuid__":"0dQoemm9ZFeLMgqL4ar26C"},"_N$pressedSprite":{"__uuid__":"f2QevKpVhN7poDdKJIyNQ5"},"pressedSprite":{"__uuid__":"f2QevKpVhN7poDdKJIyNQ5"},"_N$hoverSprite":{"__uuid__":"0dQoemm9ZFeLMgqL4ar26C"},"hoverSprite":{"__uuid__":"0dQoemm9ZFeLMgqL4ar26C"},"_N$disabledSprite":{"__uuid__":"0dQoemm9ZFeLMgqL4ar26C"},"_N$target":{"__id__":62}}],"_prefab":{"__type__":"cc.PrefabInfo","root":{"__id__":1},"asset":{"__uuid__":"a6zz9Q4zVPML9SOmUAy+Oe"},"fileId":"a0LnTOsCpN/7Rxy3mYGfBq"},"_contentSize":{"__type__":"cc.Size","width":98,"height":48}},{"__type__":"cc.Node","_name":"下载","_parent":{"__id__":62},"_components":[{"__type__":"cc.Label","node":{"__id__":63},"_useOriginalSize":false,"_actualFontSize":16,"_fontSize":16,"_lineHeight":16,"_N$string":"GET","_N$horizontalAlign":1,"_N$verticalAlign":1,"_N$overflow":2}],"_prefab":{"__type__":"cc.PrefabInfo","root":{"__id__":1},"asset":{"__uuid__":"a6zz9Q4zVPML9SOmUAy+Oe"},"fileId":"dfKHSo7uFE4rc6196uRQxC"},"_contentSize":{"__type__":"cc.Size","width":60,"height":20}},{"__type__":"cc.Node","_name":"close","_parent":{"__id__":2},"_components":[{"__type__":"cc.Sprite","node":{"__id__":64},"_spriteFrame":{"__uuid__":"6d8FCOjwlJzpVsD29jqR7k"}},{"__type__":"cc.Widget","node":{"__id__":64},"_alignFlags":33},{"__type__":"cc.Button","node":{"__id__":64},"transition":2,"_N$normalSprite":{"__uuid__":"6d8FCOjwlJzpVsD29jqR7k"},"_N$pressedSprite":{"__uuid__":"7eu7SW+slPv76vBqLVCZKx"},"pressedSprite":{"__uuid__":"7eu7SW+slPv76vBqLVCZKx"},"_N$hoverSprite":{"__uuid__":"6d8FCOjwlJzpVsD29jqR7k"},"hoverSprite":{"__uuid__":"6d8FCOjwlJzpVsD29jqR7k"},"_N$disabledSprite":{"__uuid__":"6d8FCOjwlJzpVsD29jqR7k"},"_N$target":{"__id__":64}}],"_prefab":{"__type__":"cc.PrefabInfo","root":{"__id__":1},"asset":{"__uuid__":"a6zz9Q4zVPML9SOmUAy+Oe"},"fileId":"f439XXWfpBbKx8sEZJolxL"},"_contentSize":{"__type__":"cc.Size","width":84,"height":84},"_position":{"__type__":"cc.Vec2","x":598,"y":-42}},{"__type__":"cc.Node","_name":"PushMonitorBanner","_parent":{"__id__":2},"_components":[{"__type__":"46fcfvC78hDJZ9ecVtLLE8W","node":{"__id__":65}}],"_prefab":{"__type__":"cc.PrefabInfo","root":{"__id__":1},"asset":{"__uuid__":"a6zz9Q4zVPML9SOmUAy+Oe"},"fileId":"8aF5ZIoWJE1baOVJWutZy8"}},{"__type__":"cc.Node","_name":"content-2","_parent":{"__id__":2},"_children":[{"__id__":67}],"_active":false,"_components":[{"__type__":"cc.Sprite","node":{"__id__":66},"_type":1,"_sizeMode":0},{"__type__":"cc.Layout","node":{"__id__":66},"_layoutSize":{"__type__":"cc.Size","width":1280,"height":114},"_resize":2,"_N$layoutType":1,"_N$cellSize":{"__type__":"cc.Size","width":480,"height":144}},{"__type__":"cc.Widget","node":{"__id__":66},"_alignFlags":40,"_originalWidth":960}],"_prefab":{"__type__":"cc.PrefabInfo","root":{"__id__":1},"asset":{"__uuid__":"a6zz9Q4zVPML9SOmUAy+Oe"},"fileId":"3cdNx0ZwxMwp8Ct7+a+EL0"},"_color":{"__type__":"cc.Color","r":167,"g":167,"b":167},"_anchorPoint":{"__type__":"cc.Vec2","x":0.5,"y":1},"_contentSize":{"__type__":"cc.Size","width":1280,"height":114},"_position":{"__type__":"cc.Vec2","y":-1581}},{"__type__":"cc.Node","_name":"item","_parent":{"__id__":66},"_children":[{"__id__":68},{"__id__":69},{"__id__":74}],"_components":[{"__type__":"cc.Sprite","node":{"__id__":67},"_spriteFrame":{"__uuid__":"e13dGkMI9BbZppHlAyDxRm"},"_sizeMode":0,"_isTrimmedMode":false},{"__type__":"cc.Layout","node":{"__id__":67},"_enabled":false,"_layoutSize":{"__type__":"cc.Size","width":720,"height":114},"_resize":2,"_N$layoutType":1,"_N$paddingLeft":10},{"__type__":"2ebb1fOaWZN5a6DJN2rmUV6","node":{"__id__":67},"iconNode":{"__id__":68},"gameNameLabel":{"__id__":71},"gameDescribeLabel":{"__id__":73},"downloadNode":{"__id__":74}}],"_prefab":{"__type__":"cc.PrefabInfo","root":{"__id__":1},"asset":{"__uuid__":"a6zz9Q4zVPML9SOmUAy+Oe"},"fileId":"6btlP2wK9B24QCZdFYCpSm"},"_color":{"__type__":"cc.Color","r":253,"g":253,"b":253},"_contentSize":{"__type__":"cc.Size","width":1280,"height":114},"_position":{"__type__":"cc.Vec2","y":-58}},{"__type__":"cc.Node","_name":"icon","_parent":{"__id__":67},"_components":[{"__type__":"cc.Sprite","node":{"__id__":68},"_spriteFrame":{"__uuid__":"d4iyZOPmtMOrCBd9Xkanmj"},"_sizeMode":0,"_isTrimmedMode":false},{"__type__":"cc.Widget","node":{"__id__":68},"_alignFlags":8,"_left":25}],"_prefab":{"__type__":"cc.PrefabInfo","root":{"__id__":1},"asset":{"__uuid__":"a6zz9Q4zVPML9SOmUAy+Oe"},"fileId":"2aA2mKqT1JLp5ON4+ae3If"},"_contentSize":{"__type__":"cc.Size","width":96,"height":96},"_position":{"__type__":"cc.Vec2","x":-567}},{"__type__":"cc.Node","_name":"文字区域","_parent":{"__id__":67},"_children":[{"__id__":70},{"__id__":72}],"_components":[{"__type__":"cc.Widget","node":{"__id__":69},"_alignFlags":8,"_left":150}],"_prefab":{"__type__":"cc.PrefabInfo","root":{"__id__":1},"asset":{"__uuid__":"a6zz9Q4zVPML9SOmUAy+Oe"},"fileId":"e5bZgdt+tIOo9s2GTq5HVr"},"_anchorPoint":{"__type__":"cc.Vec2","y":0.5},"_contentSize":{"__type__":"cc.Size","width":177.5},"_position":{"__type__":"cc.Vec2","x":-490}},{"__type__":"cc.Node","_name":"游戏名称","_parent":{"__id__":69},"_components":[{"__id__":71}],"_prefab":{"__type__":"cc.PrefabInfo","root":{"__id__":1},"asset":{"__uuid__":"a6zz9Q4zVPML9SOmUAy+Oe"},"fileId":"349MhbteRN5ryoODmplbjr"},"_color":{"__type__":"cc.Color"},"_anchorPoint":{"__type__":"cc.Vec2","y":1},"_contentSize":{"__type__":"cc.Size","width":40,"height":20},"_position":{"__type__":"cc.Vec2","y":37.6}},{"__type__":"cc.Label","node":{"__id__":70},"_useOriginalSize":false,"_actualFontSize":20,"_fontSize":20,"_lineHeight":20,"_N$string":"动物"},{"__type__":"cc.Node","_name":"游戏简介","_parent":{"__id__":69},"_components":[{"__id__":73}],"_prefab":{"__type__":"cc.PrefabInfo","root":{"__id__":1},"asset":{"__uuid__":"a6zz9Q4zVPML9SOmUAy+Oe"},"fileId":"bel/Ta4gZOb4pLrC6M/NXx"},"_color":{"__type__":"cc.Color"},"_anchorPoint":{"__type__":"cc.Vec2","y":1},"_contentSize":{"__type__":"cc.Size","width":350,"height":54},"_position":{"__type__":"cc.Vec2","y":11.4}},{"__type__":"cc.Label","node":{"__id__":72},"_useOriginalSize":false,"_actualFontSize":16,"_fontSize":16,"_lineHeight":16,"_N$string":"只有按钮一直可见的死亡复活和存档机会可能会出现获取广告失败的情况。","_N$overflow":2},{"__type__":"cc.Node","_name":"aniu","_parent":{"__id__":67},"_children":[{"__id__":75}],"_components":[{"__type__":"cc.Sprite","node":{"__id__":74},"_spriteFrame":{"__uuid__":"0dQoemm9ZFeLMgqL4ar26C"},"_sizeMode":0,"_isTrimmedMode":false},{"__type__":"cc.Button","node":{"__id__":74},"transition":2,"clickEvents":[{"__type__":"cc.ClickEvent","target":{"__id__":67},"component":"PushLayoutItem","handler":"onClickDownload"}],"_N$normalSprite":{"__uuid__":"0dQoemm9ZFeLMgqL4ar26C"},"_N$pressedSprite":{"__uuid__":"f2QevKpVhN7poDdKJIyNQ5"},"pressedSprite":{"__uuid__":"f2QevKpVhN7poDdKJIyNQ5"},"_N$hoverSprite":{"__uuid__":"0dQoemm9ZFeLMgqL4ar26C"},"hoverSprite":{"__uuid__":"0dQoemm9ZFeLMgqL4ar26C"},"_N$disabledSprite":{"__uuid__":"0dQoemm9ZFeLMgqL4ar26C"},"_N$target":{"__id__":74}},{"__type__":"cc.Widget","node":{"__id__":74},"_alignFlags":32,"_right":25}],"_prefab":{"__type__":"cc.PrefabInfo","root":{"__id__":1},"asset":{"__uuid__":"a6zz9Q4zVPML9SOmUAy+Oe"},"fileId":"2d/2tW9aZIoZ5gam2QFGWG"},"_contentSize":{"__type__":"cc.Size","width":98,"height":48},"_position":{"__type__":"cc.Vec2","x":566}},{"__type__":"cc.Node","_name":"下载","_parent":{"__id__":74},"_components":[{"__type__":"cc.Label","node":{"__id__":75},"_useOriginalSize":false,"_actualFontSize":16,"_fontSize":16,"_lineHeight":16,"_N$string":"GET","_N$horizontalAlign":1,"_N$verticalAlign":1,"_N$overflow":2}],"_prefab":{"__type__":"cc.PrefabInfo","root":{"__id__":1},"asset":{"__uuid__":"a6zz9Q4zVPML9SOmUAy+Oe"},"fileId":"9fkPblYjZLwIEBr3ecQ/GS"},"_contentSize":{"__type__":"cc.Size","width":60,"height":20}},{"__type__":"cc.Node","_name":"PushView","_parent":{"__id__":1},"_components":[{"__type__":"0892buF37BMMKnfwQ4vnZkE","node":{"__id__":76},"pushViewNode":{"__id__":2},"gameListScrollLayout":{"__id__":35},"moldListScrollLayout":{"__id__":41},"moldListScrollLayout2":{"__id__":66},"titleLabel":{"__id__":5},"editorAppViewNodeParent":{"__id__":17},"closeButtonNode":{"__id__":64}}],"_prefab":{"__type__":"cc.PrefabInfo","root":{"__id__":1},"asset":{"__uuid__":"a6zz9Q4zVPML9SOmUAy+Oe"},"fileId":"e2gT6U215I1q0d4GkoBN8y"}}]