[{"__type__":"cc.Prefab","_name":"appstore","data":{"__id__":1},"asyncLoadAssets":null},{"__type__":"cc.Node","_name":"appstore","_children":[{"__id__":2},{"__id__":3},{"__id__":27}],"_components":[{"__type__":"89d48e578NIiYg4VXs5ghPg","node":{"__id__":1},"priceLabel":{"__id__":14},"restoreErrorPanel":{"__id__":15},"buyErrorPanel":{"__id__":21},"loadingAnimation":{"__id__":29}}],"_prefab":{"__type__":"cc.PrefabInfo","root":{"__id__":1},"asset":{"__uuid__":"7dA1+SuL9ODL85wyKDwKXH"},"fileId":"7cuTFM09lKQIEaSPPi28aq"}},{"__type__":"cc.Node","_name":"background","_parent":{"__id__":1},"_active":false,"_components":[{"__type__":"cc.Sprite","node":{"__id__":2},"_spriteFrame":{"__uuid__":"d06ydunsFL2br/xbVk/MbX"},"_sizeMode":0},{"__type__":"cc.Button","node":{"__id__":2},"_N$target":{"__id__":1}}],"_prefab":{"__type__":"cc.PrefabInfo","root":{"__id__":1},"asset":{"__uuid__":"7dA1+SuL9ODL85wyKDwKXH"},"fileId":"2cdpPq0wVI+J/wrIh9GM40"},"_opacity":180,"_color":{"__type__":"cc.Color"},"_contentSize":{"__type__":"cc.Size","width":720,"height":1280}},{"__type__":"cc.Node","_name":"shop_board","_parent":{"__id__":1},"_children":[{"__id__":4},{"__id__":5},{"__id__":6},{"__id__":7},{"__id__":8},{"__id__":10},{"__id__":12},{"__id__":15},{"__id__":21}],"_active":false,"_components":[{"__type__":"cc.Sprite","node":{"__id__":3},"_spriteFrame":{"__uuid__":"c31FMtyydBEq95HD9YZd8o"},"_sizeMode":2,"_isTrimmedMode":false}],"_prefab":{"__type__":"cc.PrefabInfo","root":{"__id__":1},"asset":{"__uuid__":"7dA1+SuL9ODL85wyKDwKXH"},"fileId":"598+W+gvVONZ9CAfqoOEYj"},"_contentSize":{"__type__":"cc.Size","width":490,"height":314}},{"__type__":"cc.Node","_name":"close","_parent":{"__id__":3},"_components":[{"__type__":"cc.Sprite","node":{"__id__":4},"_spriteFrame":{"__uuid__":"42O8BOT8RICKYaimJiBwQl"},"_sizeMode":2,"_isTrimmedMode":false},{"__type__":"cc.Button","node":{"__id__":4},"transition":2,"clickEvents":[{"__type__":"cc.ClickEvent","target":{"__id__":1},"component":"AppStore","handler":"onClickExit"}],"_N$normalSprite":{"__uuid__":"42O8BOT8RICKYaimJiBwQl"},"_N$pressedSprite":{"__uuid__":"8alA0mERNNjqMX4AWYQKfy"},"pressedSprite":{"__uuid__":"8alA0mERNNjqMX4AWYQKfy"},"_N$hoverSprite":{"__uuid__":"42O8BOT8RICKYaimJiBwQl"},"hoverSprite":{"__uuid__":"42O8BOT8RICKYaimJiBwQl"},"_N$disabledSprite":{"__uuid__":"42O8BOT8RICKYaimJiBwQl"},"_N$target":{"__id__":4}}],"_prefab":{"__type__":"cc.PrefabInfo","root":{"__id__":1},"asset":{"__uuid__":"7dA1+SuL9ODL85wyKDwKXH"},"fileId":"ddQ3ze9zxH0oxvVoCXdli6"},"_contentSize":{"__type__":"cc.Size","width":84,"height":84},"_position":{"__type__":"cc.Vec2","x":215,"y":128.4}},{"__type__":"cc.Node","_name":"标题","_parent":{"__id__":3},"_components":[{"__type__":"cc.Label","node":{"__id__":5},"_useOriginalSize":false,"_actualFontSize":32,"_fontSize":32,"_lineHeight":32,"_N$string":"商店","_N$horizontalAlign":1,"_N$verticalAlign":1},{"__type__":"09587n2zm1LKKWcdl/MMbd7","node":{"__id__":5},"_dataID":"appstore.title"}],"_prefab":{"__type__":"cc.PrefabInfo","root":{"__id__":1},"asset":{"__uuid__":"7dA1+SuL9ODL85wyKDwKXH"},"fileId":"25UB/hxeZOIrpvjVoidsGG"},"_contentSize":{"__type__":"cc.Size","width":64,"height":32},"_position":{"__type__":"cc.Vec2","y":132.7}},{"__type__":"cc.Node","_name":"remove","_parent":{"__id__":3},"_components":[{"__type__":"cc.Sprite","node":{"__id__":6},"_spriteFrame":{"__uuid__":"8bkc/Li39BJaFc/T1WSK6q"}}],"_prefab":{"__type__":"cc.PrefabInfo","root":{"__id__":1},"asset":{"__uuid__":"7dA1+SuL9ODL85wyKDwKXH"},"fileId":"1aVMIN5PxH+YNs+o/ybbYS"},"_contentSize":{"__type__":"cc.Size","width":188,"height":184},"_position":{"__type__":"cc.Vec2","x":110,"y":-45}},{"__type__":"cc.Node","_name":"restore","_parent":{"__id__":3},"_components":[{"__type__":"cc.Sprite","node":{"__id__":7},"_spriteFrame":{"__uuid__":"93Uk20y3ZDgICegdStZlqC"}}],"_prefab":{"__type__":"cc.PrefabInfo","root":{"__id__":1},"asset":{"__uuid__":"7dA1+SuL9ODL85wyKDwKXH"},"fileId":"13sc3+4vhEsqwAgF0/ms9v"},"_contentSize":{"__type__":"cc.Size","width":188,"height":184},"_position":{"__type__":"cc.Vec2","x":-110,"y":-45}},{"__type__":"cc.Node","_name":"shop_button","_parent":{"__id__":3},"_children":[{"__id__":9}],"_components":[{"__type__":"cc.Sprite","node":{"__id__":8},"_spriteFrame":{"__uuid__":"0bvhtSp4VKn4NCxO0SDYXb"}},{"__type__":"cc.Button","node":{"__id__":8},"transition":3,"clickEvents":[{"__type__":"cc.ClickEvent","target":{"__id__":1},"component":"AppStore","handler":"onClickRestore"}],"_N$target":{"__id__":8}}],"_prefab":{"__type__":"cc.PrefabInfo","root":{"__id__":1},"asset":{"__uuid__":"7dA1+SuL9ODL85wyKDwKXH"},"fileId":"b8Re3OuclGDKk6HHHI/0hk"},"_contentSize":{"__type__":"cc.Size","width":166,"height":50},"_position":{"__type__":"cc.Vec2","x":-106,"y":-101}},{"__type__":"cc.Node","_name":"New Label","_parent":{"__id__":8},"_components":[{"__type__":"cc.Label","node":{"__id__":9},"_useOriginalSize":false,"_actualFontSize":24,"_fontSize":24,"_lineHeight":24,"_N$string":"恢复购买","_N$horizontalAlign":1,"_N$verticalAlign":1},{"__type__":"09587n2zm1LKKWcdl/MMbd7","node":{"__id__":9},"_dataID":"appstore.restore_button"}],"_prefab":{"__type__":"cc.PrefabInfo","root":{"__id__":1},"asset":{"__uuid__":"7dA1+SuL9ODL85wyKDwKXH"},"fileId":"cbyoXO/eZE8aE/XnOmFm86"},"_contentSize":{"__type__":"cc.Size","width":96,"height":24}},{"__type__":"cc.Node","_name":"shop_button","_parent":{"__id__":3},"_children":[{"__id__":11}],"_components":[{"__type__":"cc.Sprite","node":{"__id__":10},"_spriteFrame":{"__uuid__":"0bvhtSp4VKn4NCxO0SDYXb"}},{"__type__":"cc.Button","node":{"__id__":10},"transition":3,"clickEvents":[{"__type__":"cc.ClickEvent","target":{"__id__":1},"component":"AppStore","handler":"onClickBuy"}],"_N$target":{"__id__":10}}],"_prefab":{"__type__":"cc.PrefabInfo","root":{"__id__":1},"asset":{"__uuid__":"7dA1+SuL9ODL85wyKDwKXH"},"fileId":"1dJYRrCf5P2o+bbW2EYEHB"},"_contentSize":{"__type__":"cc.Size","width":166,"height":50},"_position":{"__type__":"cc.Vec2","x":113,"y":-101}},{"__type__":"cc.Node","_name":"New Label","_parent":{"__id__":10},"_components":[{"__type__":"cc.Label","node":{"__id__":11},"_useOriginalSize":false,"_actualFontSize":24,"_fontSize":24,"_lineHeight":24,"_N$string":"去除广告","_N$horizontalAlign":1,"_N$verticalAlign":1},{"__type__":"09587n2zm1LKKWcdl/MMbd7","node":{"__id__":11},"_dataID":"appstore.remove_ads_button"}],"_prefab":{"__type__":"cc.PrefabInfo","root":{"__id__":1},"asset":{"__uuid__":"7dA1+SuL9ODL85wyKDwKXH"},"fileId":"4aR5q33sVDHqbwySWtweHM"},"_contentSize":{"__type__":"cc.Size","width":96,"height":24}},{"__type__":"cc.Node","_name":"pricetag","_parent":{"__id__":3},"_children":[{"__id__":13}],"_components":[{"__type__":"cc.Sprite","node":{"__id__":12},"_spriteFrame":{"__uuid__":"3eUgz9DhdCargCyL6YaNuy"}}],"_prefab":{"__type__":"cc.PrefabInfo","root":{"__id__":1},"asset":{"__uuid__":"7dA1+SuL9ODL85wyKDwKXH"},"fileId":"589vZwgpxG4YYMC3j18g2c"},"_contentSize":{"__type__":"cc.Size","width":80,"height":75},"_position":{"__type__":"cc.Vec2","x":160.3,"y":4.9}},{"__type__":"cc.Node","_name":"商品价格","_parent":{"__id__":12},"_components":[{"__id__":14}],"_prefab":{"__type__":"cc.PrefabInfo","root":{"__id__":1},"asset":{"__uuid__":"7dA1+SuL9ODL85wyKDwKXH"},"fileId":"e8EyU3dupN/bqsVAaV3gSo"},"_contentSize":{"__type__":"cc.Size","width":40.04,"height":16},"_rotationX":45,"_rotationY":45,"_position":{"__type__":"cc.Vec2","x":9.7,"y":9.7}},{"__type__":"cc.Label","node":{"__id__":13},"_useOriginalSize":false,"_actualFontSize":16,"_fontSize":16,"_lineHeight":16,"_N$string":"$1.00","_N$horizontalAlign":1,"_N$verticalAlign":1},{"__type__":"cc.Node","_name":"restore-error","_parent":{"__id__":3},"_children":[{"__id__":16},{"__id__":17}],"_active":false,"_components":[{"__type__":"5f77bi8ADJOG7M2gyaXbtuh","node":{"__id__":15},"button":{"__id__":20},"closeView":{"__id__":15}}],"_prefab":{"__type__":"cc.PrefabInfo","root":{"__id__":1},"asset":{"__uuid__":"7dA1+SuL9ODL85wyKDwKXH"},"fileId":"0ddgDa0YxEO7mMr1evZvNP"},"_anchorPoint":{"__type__":"cc.Vec2","x":0.5,"y":1.5}},{"__type__":"cc.Node","_name":"background","_parent":{"__id__":15},"_components":[{"__type__":"cc.Sprite","node":{"__id__":16},"_spriteFrame":{"__uuid__":"d06ydunsFL2br/xbVk/MbX"},"_sizeMode":0},{"__type__":"cc.Button","node":{"__id__":16},"_N$target":{"__id__":16}}],"_prefab":{"__type__":"cc.PrefabInfo","root":{"__id__":1},"asset":{"__uuid__":"7dA1+SuL9ODL85wyKDwKXH"},"fileId":"aaueOysutB+5XX+t4D+nUu"},"_opacity":150,"_color":{"__type__":"cc.Color"},"_contentSize":{"__type__":"cc.Size","width":1280,"height":1280}},{"__type__":"cc.Node","_name":"board","_parent":{"__id__":15},"_children":[{"__id__":18},{"__id__":19}],"_components":[{"__type__":"cc.Sprite","node":{"__id__":17},"_spriteFrame":{"__uuid__":"1etZp7vfJE5K6UTOEEy+gT"},"_sizeMode":2,"_isTrimmedMode":false}],"_prefab":{"__type__":"cc.PrefabInfo","root":{"__id__":1},"asset":{"__uuid__":"7dA1+SuL9ODL85wyKDwKXH"},"fileId":"82hTF4XaZEhoE45QnDmPZX"},"_contentSize":{"__type__":"cc.Size","width":401,"height":268}},{"__type__":"cc.Node","_name":"content","_parent":{"__id__":17},"_components":[{"__type__":"cc.Label","node":{"__id__":18},"_useOriginalSize":false,"_fontSize":32,"_lineHeight":32,"_N$string":"请先购买该商品","_N$horizontalAlign":1,"_N$verticalAlign":1},{"__type__":"09587n2zm1LKKWcdl/MMbd7","node":{"__id__":18},"_dataID":"appstore.restore_click_error"}],"_prefab":{"__type__":"cc.PrefabInfo","root":{"__id__":1},"asset":{"__uuid__":"7dA1+SuL9ODL85wyKDwKXH"},"fileId":"14eW8diL9B6qHqxB9UjBrA"},"_color":{"__type__":"cc.Color","r":97,"g":81},"_contentSize":{"__type__":"cc.Size","width":280,"height":40},"_position":{"__type__":"cc.Vec2","y":52}},{"__type__":"cc.Node","_name":"button","_parent":{"__id__":17},"_components":[{"__type__":"cc.Sprite","node":{"__id__":19},"_spriteFrame":{"__uuid__":"74j9kkzbBMXpeGv9Ag+wuA"}},{"__id__":20}],"_prefab":{"__type__":"cc.PrefabInfo","root":{"__id__":1},"asset":{"__uuid__":"7dA1+SuL9ODL85wyKDwKXH"},"fileId":"d8AowIaXVNFbiXpV6ZxpmH"},"_contentSize":{"__type__":"cc.Size","width":189,"height":73},"_position":{"__type__":"cc.Vec2","y":-65}},{"__type__":"cc.Button","node":{"__id__":19},"transition":2,"_N$normalSprite":{"__uuid__":"74j9kkzbBMXpeGv9Ag+wuA"},"_N$pressedSprite":{"__uuid__":"70SJt+F+pGBqJbTnnwSl7V"},"pressedSprite":{"__uuid__":"70SJt+F+pGBqJbTnnwSl7V"},"_N$hoverSprite":{"__uuid__":"74j9kkzbBMXpeGv9Ag+wuA"},"hoverSprite":{"__uuid__":"74j9kkzbBMXpeGv9Ag+wuA"},"_N$disabledSprite":{"__uuid__":"74j9kkzbBMXpeGv9Ag+wuA"},"_N$target":{"__id__":19}},{"__type__":"cc.Node","_name":"buy-error","_parent":{"__id__":3},"_children":[{"__id__":22},{"__id__":23}],"_active":false,"_components":[{"__type__":"5f77bi8ADJOG7M2gyaXbtuh","node":{"__id__":21},"button":{"__id__":26},"closeView":{"__id__":21}}],"_prefab":{"__type__":"cc.PrefabInfo","root":{"__id__":1},"asset":{"__uuid__":"7dA1+SuL9ODL85wyKDwKXH"},"fileId":"2b1PPo+5JByKCbfMjnuhWX"},"_anchorPoint":{"__type__":"cc.Vec2","x":0.5,"y":1.5}},{"__type__":"cc.Node","_name":"background","_parent":{"__id__":21},"_components":[{"__type__":"cc.Sprite","node":{"__id__":22},"_spriteFrame":{"__uuid__":"d06ydunsFL2br/xbVk/MbX"},"_sizeMode":0},{"__type__":"cc.Button","node":{"__id__":22},"_N$target":{"__id__":22}}],"_prefab":{"__type__":"cc.PrefabInfo","root":{"__id__":1},"asset":{"__uuid__":"7dA1+SuL9ODL85wyKDwKXH"},"fileId":"5ax5Kqh5tK54W+0CCPKaFb"},"_opacity":150,"_color":{"__type__":"cc.Color"},"_contentSize":{"__type__":"cc.Size","width":1280,"height":1280}},{"__type__":"cc.Node","_name":"board","_parent":{"__id__":21},"_children":[{"__id__":24},{"__id__":25}],"_components":[{"__type__":"cc.Sprite","node":{"__id__":23},"_spriteFrame":{"__uuid__":"1etZp7vfJE5K6UTOEEy+gT"},"_sizeMode":2,"_isTrimmedMode":false}],"_prefab":{"__type__":"cc.PrefabInfo","root":{"__id__":1},"asset":{"__uuid__":"7dA1+SuL9ODL85wyKDwKXH"},"fileId":"4e/qtwhDREO5YlRWwk3eBA"},"_contentSize":{"__type__":"cc.Size","width":401,"height":268}},{"__type__":"cc.Node","_name":"content","_parent":{"__id__":23},"_components":[{"__type__":"cc.Label","node":{"__id__":24},"_useOriginalSize":false,"_fontSize":32,"_lineHeight":32,"_N$string":"该商品已购买","_N$horizontalAlign":1,"_N$verticalAlign":1},{"__type__":"09587n2zm1LKKWcdl/MMbd7","node":{"__id__":24},"_dataID":"appstore.buy_click_error"}],"_prefab":{"__type__":"cc.PrefabInfo","root":{"__id__":1},"asset":{"__uuid__":"7dA1+SuL9ODL85wyKDwKXH"},"fileId":"9fuky4PRpDbI0zRR4/gKpG"},"_color":{"__type__":"cc.Color","r":97,"g":81},"_contentSize":{"__type__":"cc.Size","width":240,"height":40},"_position":{"__type__":"cc.Vec2","y":52}},{"__type__":"cc.Node","_name":"button","_parent":{"__id__":23},"_components":[{"__type__":"cc.Sprite","node":{"__id__":25},"_spriteFrame":{"__uuid__":"74j9kkzbBMXpeGv9Ag+wuA"}},{"__id__":26}],"_prefab":{"__type__":"cc.PrefabInfo","root":{"__id__":1},"asset":{"__uuid__":"7dA1+SuL9ODL85wyKDwKXH"},"fileId":"44HexDRBpNUplLBMN0hbYz"},"_contentSize":{"__type__":"cc.Size","width":189,"height":73},"_position":{"__type__":"cc.Vec2","y":-65}},{"__type__":"cc.Button","node":{"__id__":25},"transition":2,"_N$normalSprite":{"__uuid__":"74j9kkzbBMXpeGv9Ag+wuA"},"_N$pressedSprite":{"__uuid__":"70SJt+F+pGBqJbTnnwSl7V"},"pressedSprite":{"__uuid__":"70SJt+F+pGBqJbTnnwSl7V"},"_N$hoverSprite":{"__uuid__":"74j9kkzbBMXpeGv9Ag+wuA"},"hoverSprite":{"__uuid__":"74j9kkzbBMXpeGv9Ag+wuA"},"_N$disabledSprite":{"__uuid__":"74j9kkzbBMXpeGv9Ag+wuA"},"_N$target":{"__id__":25}},{"__type__":"cc.Node","_name":"mask","_parent":{"__id__":1},"_children":[{"__id__":28}],"_active":false,"_components":[{"__type__":"cc.Sprite","node":{"__id__":27},"_spriteFrame":{"__uuid__":"d06ydunsFL2br/xbVk/MbX"},"_sizeMode":0},{"__type__":"cc.Button","node":{"__id__":27},"_N$target":{"__id__":27}}],"_prefab":{"__type__":"cc.PrefabInfo","root":{"__id__":1},"asset":{"__uuid__":"7dA1+SuL9ODL85wyKDwKXH"},"fileId":"c2nqE9/k9NeIo0Ugf7ctUN"},"_opacity":135,"_color":{"__type__":"cc.Color"},"_contentSize":{"__type__":"cc.Size","width":720,"height":1280}},{"__type__":"cc.Node","_name":"loading_001","_parent":{"__id__":27},"_components":[{"__type__":"cc.Sprite","node":{"__id__":28},"_spriteFrame":{"__uuid__":"5cXj1rCD9AloCB4UYfi9oE"}},{"__id__":29}],"_prefab":{"__type__":"cc.PrefabInfo","root":{"__id__":1},"asset":{"__uuid__":"7dA1+SuL9ODL85wyKDwKXH"},"fileId":"075mbSeqtKCr/j5yckaVac"},"_contentSize":{"__type__":"cc.Size","width":45,"height":45}},{"__type__":"cc.Animation","node":{"__id__":28},"_defaultClip":{"__uuid__":"2dryJQLLpCZ6QjVX9m0WxH"},"_clips":[{"__uuid__":"2dryJQLLpCZ6QjVX9m0WxH"}],"playOnLoad":true}]