[{"__type__":"cc.SceneAsset","_name":"game","scene":{"__id__":1},"asyncLoadAssets":null},{"__type__":"cc.Scene","_name":"New Node","_children":[{"__id__":2}],"_anchorPoint":{"__type__":"cc.Vec2"},"autoReleaseAssets":false},{"__type__":"cc.Node","_name":"Canvas","_parent":{"__id__":1},"_children":[{"__id__":3},{"__id__":49},{"__id__":32},{"__id__":4},{"__id__":19},{"__id__":26},{"__id__":25},{"__id__":37},{"__id__":50},{"__id__":66},{"__id__":83},{"__id__":89},{"__id__":98},{"__id__":47}],"_components":[{"__type__":"cc.Canvas","node":{"__id__":2},"_designResolution":{"__type__":"cc.Size","width":720,"height":1280},"_fitHeight":false},{"__type__":"41339ExFvFCSqOZm6ComW1h","node":{"__id__":2},"landscape":false,"minTrend":1.625}],"_id":"a2z9xWthJGXI24GEhRi/TS","_contentSize":{"__type__":"cc.Size","width":720,"height":1280},"_position":{"__type__":"cc.Vec2","x":360,"y":640}},{"__type__":"cc.Node","_name":"GameManager","_parent":{"__id__":2},"_components":[{"__type__":"12c0aC2eENEmpL4mh2YWQvO","node":{"__id__":3},"uiTopNormal":{"__id__":4},"uiTopChallenged":{"__id__":19},"uiDownNormal":{"__id__":26},"uiDownChallenged":{"__id__":25},"mapNode":{"__id__":31},"coinLabel":{"__id__":18},"noCoinToast":{"__id__":46},"noAdsToast":{"__id__":48}}]},{"__type__":"cc.Node","_name":"ui-top","_parent":{"__id__":2},"_children":[{"__id__":5},{"__id__":11},{"__id__":14},{"__id__":15}],"_components":[{"__type__":"cc.Widget","node":{"__id__":4},"_alignFlags":41},{"__type__":"fb4ac6cn9xB77J0/34JX3kl","node":{"__id__":4},"gradeProcessLabel":{"__id__":13}},{"__type__":"5668ejrmVxC9ZyOw80jLDK1","node":{"__id__":4}}],"_contentSize":{"__type__":"cc.Size","width":720},"_position":{"__type__":"cc.Vec2","y":640}},{"__type__":"cc.Node","_name":"title","_parent":{"__id__":4},"_children":[{"__id__":6},{"__id__":7},{"__id__":8},{"__id__":9},{"__id__":10}],"_components":[{"__type__":"0fa5409unxIq6lWJ5q0GeCC","node":{"__id__":5}},{"__type__":"cc.Widget","node":{"__id__":5},"_alignFlags":8,"_left":119}],"_contentSize":{"__type__":"cc.Size","width":232,"height":200},"_position":{"__type__":"cc.Vec2","x":-125,"y":-70}},{"__type__":"cc.Node","_name":"word_beginner_zh","_parent":{"__id__":5},"_active":false,"_components":[{"__type__":"cc.Sprite","node":{"__id__":6},"_spriteFrame":{"__uuid__":"33h2oTQiRMBrdXYCI8W1tM"}},{"__type__":"4d706d6oTlOx4Ahq5+Ly1x8","node":{"__id__":6},"en":{"__uuid__":"c9WWmLI+1DHrMItrXISi30"},"zh":{"__uuid__":"33h2oTQiRMBrdXYCI8W1tM"}}],"_contentSize":{"__type__":"cc.Size","width":232,"height":39}},{"__type__":"cc.Node","_name":"word_regular_zh","_parent":{"__id__":5},"_active":false,"_components":[{"__type__":"cc.Sprite","node":{"__id__":7},"_spriteFrame":{"__uuid__":"b2iHjvzqFPCIl0d1b//XSj"}},{"__type__":"4d706d6oTlOx4Ahq5+Ly1x8","node":{"__id__":7},"en":{"__uuid__":"25NOZbD/RGW7KMi7UKY1hi"},"zh":{"__uuid__":"b2iHjvzqFPCIl0d1b//XSj"}}],"_contentSize":{"__type__":"cc.Size","width":232,"height":39}},{"__type__":"cc.Node","_name":"word_advanced_zh","_parent":{"__id__":5},"_active":false,"_components":[{"__type__":"cc.Sprite","node":{"__id__":8},"_spriteFrame":{"__uuid__":"86CHoUzN9BkKvCWmtheV4H"}},{"__type__":"4d706d6oTlOx4Ahq5+Ly1x8","node":{"__id__":8},"en":{"__uuid__":"3f24XrISBJEoYeIIjmwyA0"},"zh":{"__uuid__":"86CHoUzN9BkKvCWmtheV4H"}}],"_contentSize":{"__type__":"cc.Size","width":232,"height":39}},{"__type__":"cc.Node","_name":"word_expert_zh","_parent":{"__id__":5},"_active":false,"_components":[{"__type__":"cc.Sprite","node":{"__id__":9},"_spriteFrame":{"__uuid__":"72z9xENwhOWoxkh9itmdzU"}},{"__type__":"4d706d6oTlOx4Ahq5+Ly1x8","node":{"__id__":9},"en":{"__uuid__":"95sf1UhQVOFKLtr5HozRDU"},"zh":{"__uuid__":"72z9xENwhOWoxkh9itmdzU"}}],"_contentSize":{"__type__":"cc.Size","width":232,"height":39}},{"__type__":"cc.Node","_name":"word_master_zh","_parent":{"__id__":5},"_components":[{"__type__":"cc.Sprite","node":{"__id__":10},"_spriteFrame":{"__uuid__":"8fTjQ50dFEJqPaSzxRBMj0"}},{"__type__":"4d706d6oTlOx4Ahq5+Ly1x8","node":{"__id__":10},"en":{"__uuid__":"46/0hSjeJJ4p5fvumn1V6l"},"zh":{"__uuid__":"8fTjQ50dFEJqPaSzxRBMj0"}}],"_contentSize":{"__type__":"cc.Size","width":232,"height":39}},{"__type__":"cc.Node","_name":"title-level","_parent":{"__id__":4},"_children":[{"__id__":12}],"_position":{"__type__":"cc.Vec2","x":24.4,"y":-70}},{"__type__":"cc.Node","_name":"New Label","_parent":{"__id__":11},"_components":[{"__id__":13}],"_contentSize":{"__type__":"cc.Size","width":26,"height":34}},{"__type__":"cc.Label","node":{"__id__":12},"_useOriginalSize":false,"_actualFontSize":34,"_fontSize":34,"_lineHeight":34,"_N$file":{"__uuid__":"e6CxUC0rJMkqCpbWsNSSgw"},"_isSystemFontUsed":false,"_N$string":"8","_N$horizontalAlign":1,"_N$verticalAlign":1},{"__type__":"cc.Node","_name":"back","_parent":{"__id__":4},"_components":[{"__type__":"cc.Sprite","node":{"__id__":14},"_spriteFrame":{"__uuid__":"3el7/GObNGB6C6szn1VTQy"}},{"__type__":"cc.Widget","node":{"__id__":14},"_alignFlags":9,"_left":18,"_top":18},{"__type__":"cc.Button","node":{"__id__":14},"transition":2,"clickEvents":[{"__type__":"cc.ClickEvent","target":{"__id__":3},"component":"GameManager","handler":"onClickExit"}],"_N$normalSprite":{"__uuid__":"3el7/GObNGB6C6szn1VTQy"},"_N$pressedSprite":{"__uuid__":"28ZYWXi7xKjqAaWuE+lwBK"},"pressedSprite":{"__uuid__":"28ZYWXi7xKjqAaWuE+lwBK"},"_N$hoverSprite":{"__uuid__":"3el7/GObNGB6C6szn1VTQy"},"hoverSprite":{"__uuid__":"3el7/GObNGB6C6szn1VTQy"},"_N$disabledSprite":{"__uuid__":"3el7/GObNGB6C6szn1VTQy"},"_N$target":{"__id__":14}}],"_contentSize":{"__type__":"cc.Size","width":96,"height":96},"_position":{"__type__":"cc.Vec2","x":-294,"y":-66}},{"__type__":"cc.Node","_name":"coin_bottom","_parent":{"__id__":4},"_children":[{"__id__":16}],"_components":[{"__type__":"cc.Widget","node":{"__id__":15},"_alignFlags":33,"_right":-40.25,"_top":45.5}],"_contentSize":{"__type__":"cc.Size","width":266.5,"height":37},"_position":{"__type__":"cc.Vec2","x":267,"y":-64}},{"__type__":"cc.Node","_name":"coin_bottom","_parent":{"__id__":15},"_children":[{"__id__":17}],"_components":[{"__type__":"cc.Sprite","node":{"__id__":16},"_spriteFrame":{"__uuid__":"79EaYJimhAKIdYbiEPDTol"},"_sizeMode":2,"_isTrimmedMode":false}],"_contentSize":{"__type__":"cc.Size","width":155,"height":45}},{"__type__":"cc.Node","_name":"New Label","_parent":{"__id__":16},"_components":[{"__id__":18}],"_contentSize":{"__type__":"cc.Size","width":90,"height":24},"_position":{"__type__":"cc.Vec2","x":17,"y":-4}},{"__type__":"cc.Label","node":{"__id__":17},"_useOriginalSize":false,"_actualFontSize":24,"_fontSize":24,"_lineHeight":24,"_N$file":{"__uuid__":"0cPmRTLQVIare4GNxhkgwS"},"_isSystemFontUsed":false,"_N$string":"56789","_N$horizontalAlign":1,"_N$verticalAlign":1},{"__type__":"cc.Node","_name":"ui-top-challenged","_parent":{"__id__":2},"_children":[{"__id__":20},{"__id__":21},{"__id__":22}],"_active":false,"_components":[{"__type__":"cc.Widget","node":{"__id__":19},"_alignFlags":41},{"__type__":"5668ejrmVxC9ZyOw80jLDK1","node":{"__id__":19}}],"_contentSize":{"__type__":"cc.Size","width":720},"_position":{"__type__":"cc.Vec2","y":640}},{"__type__":"cc.Node","_name":"back","_parent":{"__id__":19},"_components":[{"__type__":"cc.Sprite","node":{"__id__":20},"_spriteFrame":{"__uuid__":"3el7/GObNGB6C6szn1VTQy"}},{"__type__":"cc.Widget","node":{"__id__":20},"_alignFlags":9,"_left":18,"_top":18},{"__type__":"cc.Button","node":{"__id__":20},"transition":2,"clickEvents":[{"__type__":"cc.ClickEvent","target":{"__id__":3},"component":"GameManager","handler":"onClickExitChallenge"}],"_N$normalSprite":{"__uuid__":"3el7/GObNGB6C6szn1VTQy"},"_N$pressedSprite":{"__uuid__":"28ZYWXi7xKjqAaWuE+lwBK"},"pressedSprite":{"__uuid__":"28ZYWXi7xKjqAaWuE+lwBK"},"_N$hoverSprite":{"__uuid__":"3el7/GObNGB6C6szn1VTQy"},"hoverSprite":{"__uuid__":"3el7/GObNGB6C6szn1VTQy"},"_N$disabledSprite":{"__uuid__":"3el7/GObNGB6C6szn1VTQy"},"_N$target":{"__id__":20}}],"_contentSize":{"__type__":"cc.Size","width":96,"height":96},"_position":{"__type__":"cc.Vec2","x":-294,"y":-66}},{"__type__":"cc.Node","_name":"word_challenge_zh","_parent":{"__id__":19},"_components":[{"__type__":"cc.Sprite","node":{"__id__":21},"_spriteFrame":{"__uuid__":"34gnmH5CFPy76kgAQnpwMm"}},{"__type__":"4d706d6oTlOx4Ahq5+Ly1x8","node":{"__id__":21},"en":{"__uuid__":"56Z7xHFVxDG4rthoSDF/qG"},"zh":{"__uuid__":"34gnmH5CFPy76kgAQnpwMm"}},{"__type__":"cc.Widget","node":{"__id__":21},"_alignFlags":8,"_left":120}],"_contentSize":{"__type__":"cc.Size","width":232,"height":39},"_position":{"__type__":"cc.Vec2","x":-124,"y":-69}},{"__type__":"cc.Node","_name":"ChallengeManager","_parent":{"__id__":19},"_components":[{"__type__":"1cf14wYmL5M1a5MxEQEjTqs","node":{"__id__":22},"timeLabel":{"__id__":23}}]},{"__type__":"cc.Label","node":{"__id__":24},"_useOriginalSize":false,"_actualFontSize":54,"_fontSize":54,"_lineHeight":54,"_N$file":{"__uuid__":"c4YN5XplNBdp8Ut+JXXTV3"},"_isSystemFontUsed":false,"_N$string":"60:12","_N$horizontalAlign":1,"_N$verticalAlign":1},{"__type__":"cc.Node","_name":"时间","_parent":{"__id__":25},"_components":[{"__id__":23}],"_contentSize":{"__type__":"cc.Size","width":173,"height":54},"_position":{"__type__":"cc.Vec2","y":124}},{"__type__":"cc.Node","_name":"ui-down-challenged","_parent":{"__id__":2},"_children":[{"__id__":24}],"_active":false,"_components":[{"__type__":"cc.Widget","node":{"__id__":25},"_alignFlags":40}],"_contentSize":{"__type__":"cc.Size","width":720},"_position":{"__type__":"cc.Vec2","y":-640}},{"__type__":"cc.Node","_name":"ui-down","_parent":{"__id__":2},"_children":[{"__id__":27},{"__id__":28},{"__id__":29}],"_components":[{"__type__":"cc.Widget","node":{"__id__":26},"_alignFlags":40}],"_contentSize":{"__type__":"cc.Size","width":720},"_position":{"__type__":"cc.Vec2","y":-640}},{"__type__":"cc.Node","_name":"replay","_parent":{"__id__":26},"_components":[{"__type__":"cc.Sprite","node":{"__id__":27},"_spriteFrame":{"__uuid__":"8did6By1BNk6apfuRJWV8h"}},{"__type__":"cc.Widget","node":{"__id__":27},"_alignFlags":8,"_left":60},{"__type__":"cc.Button","node":{"__id__":27},"transition":2,"clickEvents":[{"__type__":"cc.ClickEvent","target":{"__id__":3},"component":"GameManager","handler":"onClickReset"}],"_N$normalSprite":{"__uuid__":"8did6By1BNk6apfuRJWV8h"},"_N$pressedSprite":{"__uuid__":"750f6E9SFIpo1kCF5LOmib"},"pressedSprite":{"__uuid__":"750f6E9SFIpo1kCF5LOmib"},"_N$hoverSprite":{"__uuid__":"8did6By1BNk6apfuRJWV8h"},"hoverSprite":{"__uuid__":"8did6By1BNk6apfuRJWV8h"},"_N$disabledSprite":{"__uuid__":"8did6By1BNk6apfuRJWV8h"},"_N$target":{"__id__":27}}],"_contentSize":{"__type__":"cc.Size","width":96,"height":96},"_position":{"__type__":"cc.Vec2","x":-252,"y":120}},{"__type__":"cc.Node","_name":"movie","_parent":{"__id__":26},"_components":[{"__type__":"cc.Sprite","node":{"__id__":28},"_spriteFrame":{"__uuid__":"e1G3FDl4FHOLs0iMG3n+NR"}},{"__type__":"cc.Button","node":{"__id__":28},"transition":2,"clickEvents":[{"__type__":"cc.ClickEvent","target":{"__id__":3},"component":"GameManager","handler":"onClickAds"}],"_N$normalSprite":{"__uuid__":"e1G3FDl4FHOLs0iMG3n+NR"},"_N$pressedSprite":{"__uuid__":"41d0XPBkdDOYLkOFyY0Zkq"},"pressedSprite":{"__uuid__":"41d0XPBkdDOYLkOFyY0Zkq"},"_N$hoverSprite":{"__uuid__":"e1G3FDl4FHOLs0iMG3n+NR"},"hoverSprite":{"__uuid__":"e1G3FDl4FHOLs0iMG3n+NR"},"_N$disabledSprite":{"__uuid__":"e1G3FDl4FHOLs0iMG3n+NR"},"_N$target":{"__id__":28}}],"_contentSize":{"__type__":"cc.Size","width":98,"height":95},"_position":{"__type__":"cc.Vec2","y":120}},{"__type__":"cc.Node","_name":"hint","_parent":{"__id__":26},"_children":[{"__id__":30}],"_components":[{"__type__":"cc.Sprite","node":{"__id__":29},"_spriteFrame":{"__uuid__":"b6DbE3hINNwJPbIo6ywOr+"}},{"__type__":"cc.Widget","node":{"__id__":29},"_alignFlags":32,"_right":60},{"__type__":"cc.Button","node":{"__id__":29},"transition":2,"clickEvents":[{"__type__":"cc.ClickEvent","target":{"__id__":3},"component":"GameManager","handler":"onClickPrompt"}],"_N$normalSprite":{"__uuid__":"b6DbE3hINNwJPbIo6ywOr+"},"_N$pressedSprite":{"__uuid__":"456bht4/9Ni4Xh/aHmGlJY"},"pressedSprite":{"__uuid__":"456bht4/9Ni4Xh/aHmGlJY"},"_N$hoverSprite":{"__uuid__":"b6DbE3hINNwJPbIo6ywOr+"},"hoverSprite":{"__uuid__":"b6DbE3hINNwJPbIo6ywOr+"},"_N$disabledSprite":{"__uuid__":"b6DbE3hINNwJPbIo6ywOr+"},"_N$target":{"__id__":29}}],"_contentSize":{"__type__":"cc.Size","width":128,"height":107},"_position":{"__type__":"cc.Vec2","x":236,"y":120}},{"__type__":"cc.Node","_name":"New Label","_parent":{"__id__":29},"_components":[{"__type__":"cc.Label","node":{"__id__":30},"_useOriginalSize":false,"_actualFontSize":24,"_fontSize":24,"_lineHeight":24,"_N$file":{"__uuid__":"0cPmRTLQVIare4GNxhkgwS"},"_isSystemFontUsed":false,"_N$string":"25","_N$horizontalAlign":1,"_N$verticalAlign":1}],"_contentSize":{"__type__":"cc.Size","width":36,"height":24},"_position":{"__type__":"cc.Vec2","x":18.2,"y":-21.7}},{"__type__":"cc.Node","_name":"map","_parent":{"__id__":32},"_children":[{"__type__":"cc.Node","_name":"background","_parent":{"__id__":31}},{"__type__":"cc.Node","_name":"shadow","_parent":{"__id__":31}},{"__type__":"cc.Node","_name":"block","_parent":{"__id__":31}},{"__type__":"cc.Node","_name":"line","_parent":{"__id__":31}},{"__type__":"cc.Node","_name":"point","_parent":{"__id__":31}},{"__id__":35},{"__type__":"cc.Node","_name":"res","_parent":{"__id__":31},"_active":false}],"_components":[{"__type__":"0894aPLO4ZIPo79unI/d+N4","node":{"__id__":31},"cameraNode":{"__id__":33},"touchRectNode":{"__id__":35},"backgroundMoldNode":{"__id__":36},"blockMoldNode":{"__id__":38},"blockLineMoldNode":{"__id__":40},"blockPromptMoldNode":{"__id__":42},"blockHitMoldNode":{"__id__":44}}],"_position":{"__type__":"cc.Vec2","y":-25}},{"__type__":"cc.Node","_name":"view","_parent":{"__id__":2},"_children":[{"__id__":31},{"__id__":33}]},{"__type__":"cc.Node","_name":"camera","_parent":{"__id__":32},"_components":[{"__id__":34}]},{"__type__":"cc.Camera","node":{"__id__":33},"_targets":[{"__id__":31}]},{"__type__":"cc.Node","_name":"touchMap","_parent":{"__id__":31},"_components":[{"__type__":"b5fa7FyIRlPqaQbtkNjdveU","node":{"__id__":35},"mCamera":{"__id__":34},"rectNode":{"__id__":35},"mapNode":{"__id__":31}}],"_anchorPoint":{"__type__":"cc.Vec2","y":1},"_contentSize":{"__type__":"cc.Size","width":1000,"height":1000},"_position":{"__type__":"cc.Vec2","x":-500,"y":472}},{"__type__":"cc.Node","_name":"block_00","_parent":{"__id__":37},"_active":false,"_components":[{"__type__":"cc.Sprite","node":{"__id__":36},"_spriteFrame":{"__uuid__":"94Qskp/sNJ76T3yFky6EoD"}}],"_contentSize":{"__type__":"cc.Size","width":100,"height":100}},{"__type__":"cc.Node","_name":"_resources","_parent":{"__id__":2},"_children":[{"__id__":36},{"__id__":38},{"__id__":40},{"__id__":42},{"__id__":44}],"_components":[{"__type__":"45068t1W4dMd4RK2KX8clJY","node":{"__id__":37},"blockSprite":{"__id__":39},"blockLineSprite":{"__id__":41},"blockPromptSprite":{"__id__":43},"blockHitPointSprite":{"__id__":45},"blockFrames":[{"__uuid__":"768xWy2SlB97ViIFms0kg5"},{"__uuid__":"5bnt3XGxVLv5h61kE2hTbA"},{"__uuid__":"c0hjNwDrZEHYEgOiEVaZQ3"},{"__uuid__":"deeVgWRwxMP7c3c0iaf1QR"},{"__uuid__":"fd5Zpcx/FL6Znhm/oUOb0V"},{"__uuid__":"f5IyxyPCpGtK3fS+UwBGHW"},{"__uuid__":"3dfWaygCFBCauq+S/thYqH"}],"blockLineFrames":[{"__uuid__":"f3ssqwPFlFQYgcNQzFCHRm"},{"__uuid__":"9eNOF9mO9KoJYEZPPpBY6l"},{"__uuid__":"815A0qKuRPN54LiF1R9vNr"},{"__uuid__":"72cbHC491GPKkYlbOq+SHe"},{"__uuid__":"87Al/CU5dEQaqBCTux7oVk"},{"__uuid__":"85w/1ub5BL7oPvrXKttHPs"},{"__uuid__":"b2xlqo6lpC1JHCD9WfbQtt"}],"blockPromptFrames":[{"__uuid__":"f3ssqwPFlFQYgcNQzFCHRm"},{"__uuid__":"9eNOF9mO9KoJYEZPPpBY6l"},{"__uuid__":"815A0qKuRPN54LiF1R9vNr"},{"__uuid__":"72cbHC491GPKkYlbOq+SHe"},{"__uuid__":"87Al/CU5dEQaqBCTux7oVk"},{"__uuid__":"85w/1ub5BL7oPvrXKttHPs"},{"__uuid__":"b2xlqo6lpC1JHCD9WfbQtt"}],"blockHtiFrames":[{"__uuid__":"c1S6WJSdNC3aTx2WzQdyKM"},{"__uuid__":"8cB+Sgf5ROb6OziCCemNyQ"},{"__uuid__":"33VWNUEyFFWq1E4g8HAgfM"},{"__uuid__":"22aveGfxdBE54v9BcIZKmJ"},{"__uuid__":"027HPHzAlLuZl6XyGKTERl"},{"__uuid__":"46JpG8aRFEo62/zm32O9SK"},{"__uuid__":"1fQhcXO2xOh5dA12qiVbs4"}]}],"_position":{"__type__":"cc.Vec2","x":-835,"y":-47}},{"__type__":"cc.Node","_name":"block_05","_parent":{"__id__":37},"_active":false,"_components":[{"__id__":39}],"_contentSize":{"__type__":"cc.Size","width":100,"height":100}},{"__type__":"cc.Sprite","node":{"__id__":38},"_spriteFrame":{"__uuid__":"fd5Zpcx/FL6Znhm/oUOb0V"}},{"__type__":"cc.Node","_name":"block_line","_parent":{"__id__":37},"_active":false,"_components":[{"__id__":41}],"_anchorPoint":{"__type__":"cc.Vec2","x":0.05,"y":0.5},"_contentSize":{"__type__":"cc.Size","width":122,"height":12}},{"__type__":"cc.Sprite","node":{"__id__":40},"_spriteFrame":{"__uuid__":"cbzyj2H69ORbm9RFLR0rZf"}},{"__type__":"cc.Node","_name":"block_01_hint","_parent":{"__id__":37},"_active":false,"_components":[{"__id__":43}],"_anchorPoint":{"__type__":"cc.Vec2","x":0.95,"y":0.5},"_contentSize":{"__type__":"cc.Size","width":122,"height":12}},{"__type__":"cc.Sprite","node":{"__id__":42},"_spriteFrame":{"__uuid__":"f3ssqwPFlFQYgcNQzFCHRm"}},{"__type__":"cc.Node","_name":"block_05_touch","_parent":{"__id__":37},"_active":false,"_components":[{"__id__":45}],"_contentSize":{"__type__":"cc.Size","width":213,"height":213}},{"__type__":"cc.Sprite","node":{"__id__":44},"_spriteFrame":{"__uuid__":"027HPHzAlLuZl6XyGKTERl"}},{"__type__":"cc.Node","_name":"coin","_parent":{"__id__":47},"_components":[{"__type__":"cc.Sprite","node":{"__id__":46},"_spriteFrame":{"__uuid__":"d6Rfw/HiNACpg74YWkRqNl"}},{"__type__":"4d706d6oTlOx4Ahq5+Ly1x8","node":{"__id__":46},"en":{"__uuid__":"45bJRcR81PuIjjGQKHoQU4"},"zh":{"__uuid__":"d6Rfw/HiNACpg74YWkRqNl"}}],"_contentSize":{"__type__":"cc.Size","width":254,"height":34}},{"__type__":"cc.Node","_name":"_toast","_parent":{"__id__":2},"_children":[{"__id__":46},{"__id__":48}],"_active":false,"_position":{"__type__":"cc.Vec2","y":-718}},{"__type__":"cc.Node","_name":"ads","_parent":{"__id__":47},"_components":[{"__type__":"cc.Sprite","node":{"__id__":48},"_spriteFrame":{"__uuid__":"e0PNsCFEVOybLuyEv6E+ad"}},{"__type__":"4d706d6oTlOx4Ahq5+Ly1x8","node":{"__id__":48},"en":{"__uuid__":"9cZg6zE59Mw577E4HaudPY"},"zh":{"__uuid__":"e0PNsCFEVOybLuyEv6E+ad"}}],"_contentSize":{"__type__":"cc.Size","width":495,"height":36},"_position":{"__type__":"cc.Vec2","y":-46}},{"__type__":"cc.Node","_name":"background","_parent":{"__id__":2},"_components":[{"__type__":"cc.Sprite","node":{"__id__":49},"_spriteFrame":{"__uuid__":"afyVThC/BLFLvvhyZgfoLR"}}],"_contentSize":{"__type__":"cc.Size","width":720,"height":1280}},{"__type__":"cc.Node","_name":"normalOverView","_parent":{"__id__":2},"_children":[{"__id__":51},{"__id__":52}],"_components":[{"__type__":"b2a096b7HdAn5BWBmLv7n+z","node":{"__id__":50},"homeButtonNode":{"__id__":64},"nextButtonNode":{"__id__":65},"gradeProcessLabel":{"__id__":61}}]},{"__type__":"cc.Node","_name":"background","_parent":{"__id__":50},"_active":false,"_components":[{"__type__":"cc.Sprite","node":{"__id__":51},"_spriteFrame":{"__uuid__":"3cgg0H595PgYkJI/jsg0ye"},"_sizeMode":0},{"__type__":"cc.Button","node":{"__id__":51},"_N$target":{"__id__":51}}],"_opacity":200,"_color":{"__type__":"cc.Color","r":51,"g":51,"b":51},"_contentSize":{"__type__":"cc.Size","width":720,"height":1280}},{"__type__":"cc.Node","_name":"panel","_parent":{"__id__":50},"_children":[{"__id__":53},{"__id__":59},{"__id__":62},{"__id__":63},{"__id__":64},{"__id__":65}],"_active":false},{"__type__":"cc.Node","_name":"title","_parent":{"__id__":52},"_children":[{"__id__":54},{"__id__":55},{"__id__":56},{"__id__":57},{"__id__":58}],"_components":[{"__type__":"0fa5409unxIq6lWJ5q0GeCC","node":{"__id__":53}}],"_contentSize":{"__type__":"cc.Size","width":232,"height":200},"_position":{"__type__":"cc.Vec2","y":283}},{"__type__":"cc.Node","_name":"word_beginner_zh","_parent":{"__id__":53},"_active":false,"_components":[{"__type__":"cc.Sprite","node":{"__id__":54},"_spriteFrame":{"__uuid__":"33h2oTQiRMBrdXYCI8W1tM"}},{"__type__":"4d706d6oTlOx4Ahq5+Ly1x8","node":{"__id__":54},"en":{"__uuid__":"c9WWmLI+1DHrMItrXISi30"},"zh":{"__uuid__":"33h2oTQiRMBrdXYCI8W1tM"}}],"_contentSize":{"__type__":"cc.Size","width":232,"height":39}},{"__type__":"cc.Node","_name":"word_regular_zh","_parent":{"__id__":53},"_active":false,"_components":[{"__type__":"cc.Sprite","node":{"__id__":55},"_spriteFrame":{"__uuid__":"b2iHjvzqFPCIl0d1b//XSj"}},{"__type__":"4d706d6oTlOx4Ahq5+Ly1x8","node":{"__id__":55},"en":{"__uuid__":"25NOZbD/RGW7KMi7UKY1hi"},"zh":{"__uuid__":"b2iHjvzqFPCIl0d1b//XSj"}}],"_contentSize":{"__type__":"cc.Size","width":232,"height":39}},{"__type__":"cc.Node","_name":"word_advanced_zh","_parent":{"__id__":53},"_active":false,"_components":[{"__type__":"cc.Sprite","node":{"__id__":56},"_spriteFrame":{"__uuid__":"86CHoUzN9BkKvCWmtheV4H"}},{"__type__":"4d706d6oTlOx4Ahq5+Ly1x8","node":{"__id__":56},"en":{"__uuid__":"3f24XrISBJEoYeIIjmwyA0"},"zh":{"__uuid__":"86CHoUzN9BkKvCWmtheV4H"}}],"_contentSize":{"__type__":"cc.Size","width":232,"height":39}},{"__type__":"cc.Node","_name":"word_expert_zh","_parent":{"__id__":53},"_active":false,"_components":[{"__type__":"cc.Sprite","node":{"__id__":57},"_spriteFrame":{"__uuid__":"72z9xENwhOWoxkh9itmdzU"}},{"__type__":"4d706d6oTlOx4Ahq5+Ly1x8","node":{"__id__":57},"en":{"__uuid__":"95sf1UhQVOFKLtr5HozRDU"},"zh":{"__uuid__":"72z9xENwhOWoxkh9itmdzU"}}],"_contentSize":{"__type__":"cc.Size","width":232,"height":39}},{"__type__":"cc.Node","_name":"word_master_zh","_parent":{"__id__":53},"_components":[{"__type__":"cc.Sprite","node":{"__id__":58},"_spriteFrame":{"__uuid__":"8fTjQ50dFEJqPaSzxRBMj0"}},{"__type__":"4d706d6oTlOx4Ahq5+Ly1x8","node":{"__id__":58},"en":{"__uuid__":"46/0hSjeJJ4p5fvumn1V6l"},"zh":{"__uuid__":"8fTjQ50dFEJqPaSzxRBMj0"}}],"_contentSize":{"__type__":"cc.Size","width":232,"height":39}},{"__type__":"cc.Node","_name":"title-level","_parent":{"__id__":52},"_children":[{"__id__":60}],"_position":{"__type__":"cc.Vec2","y":217}},{"__type__":"cc.Node","_name":"New Label","_parent":{"__id__":59},"_components":[{"__id__":61}],"_contentSize":{"__type__":"cc.Size","width":26,"height":34}},{"__type__":"cc.Label","node":{"__id__":60},"_useOriginalSize":false,"_actualFontSize":34,"_fontSize":34,"_lineHeight":34,"_N$file":{"__uuid__":"e6CxUC0rJMkqCpbWsNSSgw"},"_isSystemFontUsed":false,"_N$string":"8","_N$horizontalAlign":1,"_N$verticalAlign":1},{"__type__":"cc.Node","_name":"star","_parent":{"__id__":52},"_components":[{"__type__":"cc.Sprite","node":{"__id__":62},"_spriteFrame":{"__uuid__":"b10WhXwUFO3aTimpKc2D+I"}}],"_contentSize":{"__type__":"cc.Size","width":233,"height":224},"_position":{"__type__":"cc.Vec2","y":72}},{"__type__":"cc.Node","_name":"clear","_parent":{"__id__":52},"_components":[{"__type__":"cc.Sprite","node":{"__id__":63},"_spriteFrame":{"__uuid__":"77l1SLD+FDWp1tJM1Qy1Mx"}}],"_contentSize":{"__type__":"cc.Size","width":272,"height":98},"_position":{"__type__":"cc.Vec2","y":-94}},{"__type__":"cc.Node","_name":"home","_parent":{"__id__":52},"_components":[{"__type__":"cc.Sprite","node":{"__id__":64},"_spriteFrame":{"__uuid__":"5a3ebc5ExJX6Br7Y41gB1X"}},{"__type__":"cc.Button","node":{"__id__":64},"transition":2,"clickEvents":[{"__type__":"cc.ClickEvent","target":{"__id__":50},"component":"NormalOverView","handler":"onClickHome"}],"_N$normalSprite":{"__uuid__":"5a3ebc5ExJX6Br7Y41gB1X"},"_N$pressedSprite":{"__uuid__":"67PN25pgdHgY9qeQNOYKTF"},"pressedSprite":{"__uuid__":"67PN25pgdHgY9qeQNOYKTF"},"_N$hoverSprite":{"__uuid__":"5a3ebc5ExJX6Br7Y41gB1X"},"hoverSprite":{"__uuid__":"5a3ebc5ExJX6Br7Y41gB1X"},"_N$disabledSprite":{"__uuid__":"5a3ebc5ExJX6Br7Y41gB1X"},"_N$target":{"__id__":64}}],"_contentSize":{"__type__":"cc.Size","width":96,"height":96},"_position":{"__type__":"cc.Vec2","x":-100,"y":-240}},{"__type__":"cc.Node","_name":"play","_parent":{"__id__":52},"_components":[{"__type__":"cc.Sprite","node":{"__id__":65},"_spriteFrame":{"__uuid__":"a5CttUsEdKxpkhcfgtnHuM"}},{"__type__":"cc.Button","node":{"__id__":65},"transition":2,"clickEvents":[{"__type__":"cc.ClickEvent","target":{"__id__":50},"component":"NormalOverView","handler":"onClickNext"}],"_N$normalSprite":{"__uuid__":"a5CttUsEdKxpkhcfgtnHuM"},"_N$pressedSprite":{"__uuid__":"8f6wVxFuZH+Z7TFdMs8/H6"},"pressedSprite":{"__uuid__":"8f6wVxFuZH+Z7TFdMs8/H6"},"_N$hoverSprite":{"__uuid__":"a5CttUsEdKxpkhcfgtnHuM"},"hoverSprite":{"__uuid__":"a5CttUsEdKxpkhcfgtnHuM"},"_N$disabledSprite":{"__uuid__":"a5CttUsEdKxpkhcfgtnHuM"},"_N$target":{"__id__":65}}],"_contentSize":{"__type__":"cc.Size","width":164,"height":92},"_position":{"__type__":"cc.Vec2","x":66,"y":-240}},{"__type__":"cc.Node","_name":"challengeSuccess","_parent":{"__id__":2},"_children":[{"__id__":67},{"__id__":68}],"_components":[{"__type__":"49ae5U6eFJKxKN5x6oQKITJ","node":{"__id__":66},"coinLabel":{"__id__":74},"noAdsToast":{"__id__":48}}]},{"__type__":"cc.Node","_name":"background","_parent":{"__id__":66},"_active":false,"_components":[{"__type__":"cc.Sprite","node":{"__id__":67},"_spriteFrame":{"__uuid__":"3cgg0H595PgYkJI/jsg0ye"},"_sizeMode":0},{"__type__":"cc.Button","node":{"__id__":67},"_N$target":{"__id__":67}}],"_opacity":200,"_color":{"__type__":"cc.Color","r":51,"g":51,"b":51},"_contentSize":{"__type__":"cc.Size","width":720,"height":1280}},{"__type__":"cc.Node","_name":"panel","_parent":{"__id__":66},"_children":[{"__id__":69},{"__id__":70},{"__id__":71},{"__id__":75},{"__id__":78},{"__id__":80}],"_active":false},{"__type__":"cc.Node","_name":"star","_parent":{"__id__":68},"_components":[{"__type__":"cc.Sprite","node":{"__id__":69},"_spriteFrame":{"__uuid__":"b10WhXwUFO3aTimpKc2D+I"}}],"_contentSize":{"__type__":"cc.Size","width":233,"height":224},"_position":{"__type__":"cc.Vec2","y":340}},{"__type__":"cc.Node","_name":"clear","_parent":{"__id__":68},"_components":[{"__type__":"cc.Sprite","node":{"__id__":70},"_spriteFrame":{"__uuid__":"77l1SLD+FDWp1tJM1Qy1Mx"}}],"_contentSize":{"__type__":"cc.Size","width":272,"height":98},"_position":{"__type__":"cc.Vec2","y":158}},{"__type__":"cc.Node","_name":"获得金币","_parent":{"__id__":68},"_children":[{"__id__":72},{"__id__":73}],"_components":[{"__type__":"cc.Layout","node":{"__id__":71},"_layoutSize":{"__type__":"cc.Size","width":262,"height":200},"_resize":1,"_N$layoutType":1,"_N$spacingX":20}],"_contentSize":{"__type__":"cc.Size","width":262,"height":200},"_position":{"__type__":"cc.Vec2","y":23}},{"__type__":"cc.Node","_name":"coin_icon","_parent":{"__id__":71},"_components":[{"__type__":"cc.Sprite","node":{"__id__":72},"_spriteFrame":{"__uuid__":"b0E19AKStI/aAqJh9DiFeE"}}],"_contentSize":{"__type__":"cc.Size","width":89,"height":88},"_position":{"__type__":"cc.Vec2","x":-86.5}},{"__type__":"cc.Node","_name":"New Label","_parent":{"__id__":71},"_components":[{"__id__":74}],"_contentSize":{"__type__":"cc.Size","width":153,"height":71},"_position":{"__type__":"cc.Vec2","x":54.5}},{"__type__":"cc.Label","node":{"__id__":73},"_useOriginalSize":false,"_actualFontSize":71,"_fontSize":71,"_lineHeight":71,"_N$file":{"__uuid__":"37bkDgxz5OmL7cR+1vT5Ib"},"_isSystemFontUsed":false,"_N$string":"+30","_N$horizontalAlign":1,"_N$verticalAlign":1},{"__type__":"cc.Node","_name":"获得奖章","_parent":{"__id__":68},"_children":[{"__id__":76},{"__id__":77}],"_components":[{"__type__":"cc.Layout","node":{"__id__":75},"_layoutSize":{"__type__":"cc.Size","width":143.82999999999998,"height":200},"_resize":1,"_N$layoutType":1,"_N$spacingX":20}],"_contentSize":{"__type__":"cc.Size","width":143.82999999999998,"height":200},"_position":{"__type__":"cc.Vec2","y":-99}},{"__type__":"cc.Node","_name":"icon_medal","_parent":{"__id__":75},"_components":[{"__type__":"cc.Sprite","node":{"__id__":76},"_spriteFrame":{"__uuid__":"feZtP1fqVEXoHn0CqugYr4"},"_sizeMode":2,"_isTrimmedMode":false}],"_contentSize":{"__type__":"cc.Size","width":52,"height":61},"_position":{"__type__":"cc.Vec2","x":-45.91499999999999}},{"__type__":"cc.Node","_name":"奖章","_parent":{"__id__":75},"_components":[{"__type__":"cc.Label","node":{"__id__":77},"_useOriginalSize":false,"_actualFontSize":50,"_fontSize":50,"_lineHeight":71,"_N$file":{"__uuid__":"37bkDgxz5OmL7cR+1vT5Ib"},"_isSystemFontUsed":false,"_N$string":"+1","_N$horizontalAlign":1,"_N$verticalAlign":1}],"_contentSize":{"__type__":"cc.Size","width":71.83,"height":50},"_position":{"__type__":"cc.Vec2","x":36.00000000000001}},{"__type__":"cc.Node","_name":"buttonok","_parent":{"__id__":68},"_children":[{"__id__":79}],"_components":[{"__type__":"cc.Sprite","node":{"__id__":78},"_spriteFrame":{"__uuid__":"a4tGkaC7VPxLj0aGBNHXFg"}},{"__type__":"cc.Button","node":{"__id__":78},"transition":2,"clickEvents":[{"__type__":"cc.ClickEvent","target":{"__id__":66},"component":"ChallengeSuccess","handler":"onClickHome"}],"_N$normalSprite":{"__uuid__":"a4tGkaC7VPxLj0aGBNHXFg"},"_N$pressedSprite":{"__uuid__":"60KX2pn9RPbLs7T7dyAHGZ"},"pressedSprite":{"__uuid__":"60KX2pn9RPbLs7T7dyAHGZ"},"_N$hoverSprite":{"__uuid__":"a4tGkaC7VPxLj0aGBNHXFg"},"hoverSprite":{"__uuid__":"a4tGkaC7VPxLj0aGBNHXFg"},"_N$disabledSprite":{"__uuid__":"a4tGkaC7VPxLj0aGBNHXFg"},"_N$target":{"__id__":78}}],"_contentSize":{"__type__":"cc.Size","width":194,"height":72},"_position":{"__type__":"cc.Vec2","y":-224}},{"__type__":"cc.Node","_name":"word_ok_en","_parent":{"__id__":78},"_components":[{"__type__":"cc.Sprite","node":{"__id__":79},"_spriteFrame":{"__uuid__":"c0DUH9jaBJZ5wutLAQ+tKa"}}],"_contentSize":{"__type__":"cc.Size","width":64,"height":35},"_position":{"__type__":"cc.Vec2","y":4.5}},{"__type__":"cc.Node","_name":"buttonvideo","_parent":{"__id__":68},"_children":[{"__id__":81},{"__id__":82}],"_components":[{"__type__":"cc.Sprite","node":{"__id__":80},"_spriteFrame":{"__uuid__":"aa2QHUqxdHWLPxAYUiZXbo"}},{"__type__":"cc.Button","node":{"__id__":80},"transition":2,"clickEvents":[{"__type__":"cc.ClickEvent","target":{"__id__":66},"component":"ChallengeSuccess","handler":"onClickAds"}],"_N$normalSprite":{"__uuid__":"aa2QHUqxdHWLPxAYUiZXbo"},"_N$pressedSprite":{"__uuid__":"37g6JEpWBMMbkeBJbOken5"},"pressedSprite":{"__uuid__":"37g6JEpWBMMbkeBJbOken5"},"_N$hoverSprite":{"__uuid__":"aa2QHUqxdHWLPxAYUiZXbo"},"hoverSprite":{"__uuid__":"aa2QHUqxdHWLPxAYUiZXbo"},"_N$disabledSprite":{"__uuid__":"aa2QHUqxdHWLPxAYUiZXbo"},"_N$target":{"__id__":80}}],"_contentSize":{"__type__":"cc.Size","width":234,"height":77},"_position":{"__type__":"cc.Vec2","y":-347}},{"__type__":"cc.Node","_name":"video","_parent":{"__id__":80},"_components":[{"__type__":"cc.Sprite","node":{"__id__":81},"_spriteFrame":{"__uuid__":"18n+CZS5RCfZN5SDwJQpp/"}}],"_contentSize":{"__type__":"cc.Size","width":57,"height":48},"_position":{"__type__":"cc.Vec2","x":-69.1,"y":4.2}},{"__type__":"cc.Node","_name":"videox2","_parent":{"__id__":80},"_components":[{"__type__":"cc.Sprite","node":{"__id__":82},"_spriteFrame":{"__uuid__":"04/uSNBE1MMY1tYzB5pusR"}}],"_contentSize":{"__type__":"cc.Size","width":98,"height":37},"_position":{"__type__":"cc.Vec2","x":40.6,"y":3.7}},{"__type__":"cc.Node","_name":"challengeFailed","_parent":{"__id__":2},"_children":[{"__id__":84},{"__id__":85}],"_components":[{"__type__":"ddadan3HL1NRrlACDtAB1aZ","node":{"__id__":83}}]},{"__type__":"cc.Node","_name":"background","_parent":{"__id__":83},"_active":false,"_components":[{"__type__":"cc.Sprite","node":{"__id__":84},"_spriteFrame":{"__uuid__":"3cgg0H595PgYkJI/jsg0ye"},"_sizeMode":0},{"__type__":"cc.Button","node":{"__id__":84},"_N$target":{"__id__":84}}],"_opacity":200,"_color":{"__type__":"cc.Color","r":51,"g":51,"b":51},"_contentSize":{"__type__":"cc.Size","width":720,"height":1280}},{"__type__":"cc.Node","_name":"panel","_parent":{"__id__":83},"_children":[{"__id__":86},{"__id__":87}],"_active":false},{"__type__":"cc.Node","_name":"word_failed_zh","_parent":{"__id__":85},"_components":[{"__type__":"cc.Sprite","node":{"__id__":86},"_spriteFrame":{"__uuid__":"3ajBST2EZOi4Pe+B+Pnl8k"}},{"__type__":"4d706d6oTlOx4Ahq5+Ly1x8","node":{"__id__":86},"en":{"__uuid__":"7dOw+p9flIHoA1aN6mpwkn"},"zh":{"__uuid__":"3ajBST2EZOi4Pe+B+Pnl8k"}}],"_contentSize":{"__type__":"cc.Size","width":307,"height":86},"_position":{"__type__":"cc.Vec2","y":156}},{"__type__":"cc.Node","_name":"buttonok","_parent":{"__id__":85},"_children":[{"__id__":88}],"_components":[{"__type__":"cc.Sprite","node":{"__id__":87},"_spriteFrame":{"__uuid__":"a4tGkaC7VPxLj0aGBNHXFg"}},{"__type__":"cc.Button","node":{"__id__":87},"transition":2,"clickEvents":[{"__type__":"cc.ClickEvent","target":{"__id__":83},"component":"ChallengeFailed","handler":"onClickHome"}],"_N$normalSprite":{"__uuid__":"a4tGkaC7VPxLj0aGBNHXFg"},"_N$pressedSprite":{"__uuid__":"60KX2pn9RPbLs7T7dyAHGZ"},"pressedSprite":{"__uuid__":"60KX2pn9RPbLs7T7dyAHGZ"},"_N$hoverSprite":{"__uuid__":"a4tGkaC7VPxLj0aGBNHXFg"},"hoverSprite":{"__uuid__":"a4tGkaC7VPxLj0aGBNHXFg"},"_N$disabledSprite":{"__uuid__":"a4tGkaC7VPxLj0aGBNHXFg"},"_N$target":{"__id__":87}}],"_contentSize":{"__type__":"cc.Size","width":194,"height":72},"_position":{"__type__":"cc.Vec2","y":-201}},{"__type__":"cc.Node","_name":"word_ok_en","_parent":{"__id__":87},"_components":[{"__type__":"cc.Sprite","node":{"__id__":88},"_spriteFrame":{"__uuid__":"c0DUH9jaBJZ5wutLAQ+tKa"}}],"_contentSize":{"__type__":"cc.Size","width":64,"height":35}},{"__type__":"cc.Node","_name":"coinGetView","_parent":{"__id__":2},"_children":[{"__id__":90},{"__id__":91}],"_components":[{"__type__":"75d88yfdCpPUrA0MP9c4Ks6","node":{"__id__":89},"coinLabel":{"__id__":95}}]},{"__type__":"cc.Node","_name":"background","_parent":{"__id__":89},"_active":false,"_components":[{"__type__":"cc.Sprite","node":{"__id__":90},"_spriteFrame":{"__uuid__":"3cgg0H595PgYkJI/jsg0ye"},"_sizeMode":0},{"__type__":"cc.Button","node":{"__id__":90},"_N$target":{"__id__":90}}],"_opacity":200,"_color":{"__type__":"cc.Color","r":51,"g":51,"b":51},"_contentSize":{"__type__":"cc.Size","width":720,"height":1280}},{"__type__":"cc.Node","_name":"panel","_parent":{"__id__":89},"_children":[{"__id__":92},{"__id__":96}],"_active":false},{"__type__":"cc.Node","_name":"New Node","_parent":{"__id__":91},"_children":[{"__id__":93},{"__id__":94}],"_components":[{"__type__":"cc.Layout","node":{"__id__":92},"_layoutSize":{"__type__":"cc.Size","width":267,"height":200},"_resize":1,"_N$layoutType":1,"_N$spacingX":25}],"_contentSize":{"__type__":"cc.Size","width":267,"height":200},"_position":{"__type__":"cc.Vec2","y":132}},{"__type__":"cc.Node","_name":"coin_icon","_parent":{"__id__":92},"_components":[{"__type__":"cc.Sprite","node":{"__id__":93},"_spriteFrame":{"__uuid__":"b0E19AKStI/aAqJh9DiFeE"}}],"_contentSize":{"__type__":"cc.Size","width":89,"height":88},"_position":{"__type__":"cc.Vec2","x":-89}},{"__type__":"cc.Node","_name":"New Label","_parent":{"__id__":92},"_components":[{"__id__":95}],"_contentSize":{"__type__":"cc.Size","width":153,"height":71},"_position":{"__type__":"cc.Vec2","x":57}},{"__type__":"cc.Label","node":{"__id__":94},"_useOriginalSize":false,"_actualFontSize":71,"_fontSize":71,"_lineHeight":71,"_N$file":{"__uuid__":"37bkDgxz5OmL7cR+1vT5Ib"},"_isSystemFontUsed":false,"_N$string":"+50","_N$horizontalAlign":1,"_N$verticalAlign":1},{"__type__":"cc.Node","_name":"buttonok","_parent":{"__id__":91},"_children":[{"__id__":97}],"_components":[{"__type__":"cc.Sprite","node":{"__id__":96},"_spriteFrame":{"__uuid__":"a4tGkaC7VPxLj0aGBNHXFg"}},{"__type__":"cc.Button","node":{"__id__":96},"transition":2,"clickEvents":[{"__type__":"cc.ClickEvent","target":{"__id__":89},"component":"CoinGetView","handler":"onClickOK"}],"_N$normalSprite":{"__uuid__":"a4tGkaC7VPxLj0aGBNHXFg"},"_N$pressedSprite":{"__uuid__":"60KX2pn9RPbLs7T7dyAHGZ"},"pressedSprite":{"__uuid__":"60KX2pn9RPbLs7T7dyAHGZ"},"_N$hoverSprite":{"__uuid__":"a4tGkaC7VPxLj0aGBNHXFg"},"hoverSprite":{"__uuid__":"a4tGkaC7VPxLj0aGBNHXFg"},"_N$disabledSprite":{"__uuid__":"a4tGkaC7VPxLj0aGBNHXFg"},"_N$target":{"__id__":96}}],"_contentSize":{"__type__":"cc.Size","width":194,"height":72},"_position":{"__type__":"cc.Vec2","y":-143}},{"__type__":"cc.Node","_name":"word_ok_en","_parent":{"__id__":96},"_components":[{"__type__":"cc.Sprite","node":{"__id__":97},"_spriteFrame":{"__uuid__":"c0DUH9jaBJZ5wutLAQ+tKa"}}],"_contentSize":{"__type__":"cc.Size","width":64,"height":35}},{"__type__":"cc.Node","_name":"globalMask","_parent":{"__id__":2},"_active":false,"_components":[{"__type__":"cc.Button","node":{"__id__":98},"_N$target":{"__id__":98}}],"_contentSize":{"__type__":"cc.Size","width":720,"height":1280}}]