[{"__type__":"cc.SceneAsset","_name":"title","scene":{"__id__":1},"asyncLoadAssets":null},{"__type__":"cc.Scene","_name":"New Node","_children":[{"__id__":2}],"_anchorPoint":{"__type__":"cc.Vec2"},"autoReleaseAssets":false},{"__type__":"cc.Node","_name":"Canvas","_parent":{"__id__":1},"_children":[{"__id__":3},{"__id__":11},{"__id__":52},{"__id__":15},{"__id__":46},{"__id__":6},{"__id__":53},{"__id__":79},{"__id__":109},{"__id__":107}],"_components":[{"__type__":"cc.Canvas","node":{"__id__":2},"_designResolution":{"__type__":"cc.Size","width":720,"height":1280},"_fitHeight":false},{"__type__":"41339ExFvFCSqOZm6ComW1h","node":{"__id__":2},"landscape":false,"minTrend":1.625}],"_id":"2aq22ejrpOp5k7B1EIHaFk","_contentSize":{"__type__":"cc.Size","width":720,"height":1280},"_position":{"__type__":"cc.Vec2","x":360,"y":640}},{"__type__":"cc.Node","_name":"AdsPlugin","_parent":{"__id__":2},"_components":[{"__type__":"d7939GXlSpCgaeDb9HPtIU/","node":{"__id__":3},"appStore":{"__uuid__":"7dA1+SuL9ODL85wyKDwKXH"},"pushView":{"__uuid__":"d017VWP/9CgK1rgSjkN5Yu"},"pushBigView":{"__uuid__":"dbR1c4bLNMd4guR4UPgv+X"},"appInfo":{"__uuid__":"40znWXLCxEB75x+LeGHWZF"},"appStoreButton":{"__id__":4},"appInfoButton":{"__id__":8},"appLeaderBoardButton":{"__id__":10}}]},{"__type__":"cc.Button","node":{"__id__":5},"transition":2,"_N$normalSprite":{"__uuid__":"35K6zw0DJJVo4xIYze3mPd"},"_N$pressedSprite":{"__uuid__":"04T4A+iuZGk6J/AFaB1oiz"},"pressedSprite":{"__uuid__":"04T4A+iuZGk6J/AFaB1oiz"},"_N$hoverSprite":{"__uuid__":"35K6zw0DJJVo4xIYze3mPd"},"hoverSprite":{"__uuid__":"35K6zw0DJJVo4xIYze3mPd"},"_N$disabledSprite":{"__uuid__":"35K6zw0DJJVo4xIYze3mPd"},"_N$target":{"__id__":5}},{"__type__":"cc.Node","_name":"mainUI_remove_ads","_parent":{"__id__":6},"_components":[{"__type__":"cc.Sprite","node":{"__id__":5},"_spriteFrame":{"__uuid__":"35K6zw0DJJVo4xIYze3mPd"}},{"__type__":"cc.Widget","node":{"__id__":5},"_alignFlags":12,"_left":20,"_bottom":20},{"__id__":4},{"__type__":"dc44fGN+RpJu4mfaU2ewqZc","node":{"__id__":5}}],"_contentSize":{"__type__":"cc.Size","width":96,"height":96},"_position":{"__type__":"cc.Vec2","x":-292,"y":68}},{"__type__":"cc.Node","_name":"ui-bottom","_parent":{"__id__":2},"_children":[{"__id__":5},{"__id__":7},{"__id__":9},{"__id__":50}],"_components":[{"__type__":"cc.Widget","node":{"__id__":6},"_alignFlags":44}],"_contentSize":{"__type__":"cc.Size","width":720},"_position":{"__type__":"cc.Vec2","y":-640}},{"__type__":"cc.Node","_name":"mainUI_info","_parent":{"__id__":6},"_components":[{"__type__":"cc.Sprite","node":{"__id__":7},"_spriteFrame":{"__uuid__":"ba5OUCAjNL27SBObShIwuC"}},{"__type__":"cc.Widget","node":{"__id__":7},"_alignFlags":12,"_left":130,"_bottom":20},{"__id__":8},{"__type__":"dc44fGN+RpJu4mfaU2ewqZc","node":{"__id__":7}}],"_contentSize":{"__type__":"cc.Size","width":96,"height":96},"_position":{"__type__":"cc.Vec2","x":-182,"y":68}},{"__type__":"cc.Button","node":{"__id__":7},"transition":2,"_N$normalSprite":{"__uuid__":"ba5OUCAjNL27SBObShIwuC"},"_N$pressedSprite":{"__uuid__":"88Nr9ijWdF8osZgro10Mws"},"pressedSprite":{"__uuid__":"88Nr9ijWdF8osZgro10Mws"},"_N$hoverSprite":{"__uuid__":"ba5OUCAjNL27SBObShIwuC"},"hoverSprite":{"__uuid__":"ba5OUCAjNL27SBObShIwuC"},"_N$disabledSprite":{"__uuid__":"ba5OUCAjNL27SBObShIwuC"},"_N$target":{"__id__":7}},{"__type__":"cc.Node","_name":"mainUI_chart","_parent":{"__id__":6},"_components":[{"__type__":"cc.Sprite","node":{"__id__":9},"_spriteFrame":{"__uuid__":"66v+AlS2VK5YMYfi4plIBh"}},{"__type__":"cc.Widget","node":{"__id__":9},"_alignFlags":36,"_right":130,"_bottom":20},{"__id__":10}],"_contentSize":{"__type__":"cc.Size","width":99,"height":99},"_position":{"__type__":"cc.Vec2","x":180.5,"y":69.5}},{"__type__":"cc.Button","node":{"__id__":9},"transition":2,"clickEvents":[{"__type__":"cc.ClickEvent","target":{"__id__":11},"component":"Title","handler":"onClickLeaderBoard"}],"_N$normalSprite":{"__uuid__":"66v+AlS2VK5YMYfi4plIBh"},"_N$pressedSprite":{"__uuid__":"5c/D4v5alGWJO2M8dhzn5K"},"pressedSprite":{"__uuid__":"5c/D4v5alGWJO2M8dhzn5K"},"_N$hoverSprite":{"__uuid__":"66v+AlS2VK5YMYfi4plIBh"},"hoverSprite":{"__uuid__":"66v+AlS2VK5YMYfi4plIBh"},"_N$disabledSprite":{"__uuid__":"66v+AlS2VK5YMYfi4plIBh"},"_N$target":{"__id__":9}},{"__type__":"cc.Node","_name":"Title","_parent":{"__id__":2},"_components":[{"__type__":"146401e0OxFIKX9npj6Hxwn","node":{"__id__":11},"gradeProcessLabels":[{"__id__":12},{"__id__":20},{"__id__":24},{"__id__":28},{"__id__":32}],"coinLabel":{"__id__":42},"todayRewardNode":{"__id__":48}}]},{"__type__":"cc.Label","node":{"__id__":13},"_useOriginalSize":false,"_actualFontSize":34,"_fontSize":34,"_lineHeight":34,"_N$file":{"__uuid__":"60Pkm3pTdO7qSxdwM+WndA"},"_isSystemFontUsed":false,"_N$string":"15/100","_N$horizontalAlign":1,"_N$verticalAlign":1},{"__type__":"cc.Node","_name":"New Label","_parent":{"__id__":14},"_components":[{"__id__":12}],"_contentSize":{"__type__":"cc.Size","width":138,"height":34},"_position":{"__type__":"cc.Vec2","x":155}},{"__type__":"cc.Node","_name":"bottom01","_parent":{"__id__":15},"_children":[{"__id__":41},{"__id__":13}],"_components":[{"__type__":"cc.Sprite","node":{"__id__":14},"_spriteFrame":{"__uuid__":"2c+2d4hZNNcp1M5xfDiTzp"}},{"__type__":"cc.Button","node":{"__id__":14},"transition":2,"clickEvents":[{"__type__":"cc.ClickEvent","target":{"__id__":11},"component":"Title","handler":"onClickEnterGradeProcess","customEventData":"0"}],"_N$normalSprite":{"__uuid__":"2c+2d4hZNNcp1M5xfDiTzp"},"_N$pressedSprite":{"__uuid__":"8bhKssWMdGoI/EzlN4Djd0"},"pressedSprite":{"__uuid__":"8bhKssWMdGoI/EzlN4Djd0"},"_N$hoverSprite":{"__uuid__":"2c+2d4hZNNcp1M5xfDiTzp"},"hoverSprite":{"__uuid__":"2c+2d4hZNNcp1M5xfDiTzp"},"_N$disabledSprite":{"__uuid__":"2c+2d4hZNNcp1M5xfDiTzp"},"_N$target":{"__id__":14}}],"_contentSize":{"__type__":"cc.Size","width":539,"height":84},"_position":{"__type__":"cc.Vec2","y":197}},{"__type__":"cc.Node","_name":"view","_parent":{"__id__":2},"_children":[{"__id__":16},{"__id__":14},{"__id__":17},{"__id__":21},{"__id__":25},{"__id__":29},{"__id__":33}]},{"__type__":"cc.Node","_name":"word_title_zh","_parent":{"__id__":15},"_components":[{"__type__":"cc.Sprite","node":{"__id__":16},"_spriteFrame":{"__uuid__":"d4cXSMbmFDKpLj3P48qpA9"}},{"__type__":"4d706d6oTlOx4Ahq5+Ly1x8","node":{"__id__":16},"en":{"__uuid__":"73MOcRGCJK/Km195jt2Nok"},"zh":{"__uuid__":"d4cXSMbmFDKpLj3P48qpA9"}}],"_contentSize":{"__type__":"cc.Size","width":545,"height":147},"_position":{"__type__":"cc.Vec2","y":340}},{"__type__":"cc.Node","_name":"bottom02","_parent":{"__id__":15},"_children":[{"__id__":18},{"__id__":19}],"_components":[{"__type__":"cc.Sprite","node":{"__id__":17},"_spriteFrame":{"__uuid__":"89gVCXpT5Fq783O977X9lZ"}},{"__type__":"cc.Button","node":{"__id__":17},"transition":2,"clickEvents":[{"__type__":"cc.ClickEvent","target":{"__id__":11},"component":"Title","handler":"onClickEnterGradeProcess","customEventData":"1"}],"_N$normalSprite":{"__uuid__":"89gVCXpT5Fq783O977X9lZ"},"_N$pressedSprite":{"__uuid__":"95Ku49dhdFdrfhrTcRVfuh"},"pressedSprite":{"__uuid__":"95Ku49dhdFdrfhrTcRVfuh"},"_N$hoverSprite":{"__uuid__":"89gVCXpT5Fq783O977X9lZ"},"hoverSprite":{"__uuid__":"89gVCXpT5Fq783O977X9lZ"},"_N$disabledSprite":{"__uuid__":"89gVCXpT5Fq783O977X9lZ"},"_N$target":{"__id__":17}}],"_contentSize":{"__type__":"cc.Size","width":539,"height":84},"_position":{"__type__":"cc.Vec2","y":87}},{"__type__":"cc.Node","_name":"word_regular_zh","_parent":{"__id__":17},"_components":[{"__type__":"cc.Sprite","node":{"__id__":18},"_spriteFrame":{"__uuid__":"995jzUzBBDmq/+jzPg1/aE"}},{"__type__":"4d706d6oTlOx4Ahq5+Ly1x8","node":{"__id__":18},"en":{"__uuid__":"e25Jz9wFpN8o6PRV68mtej"},"zh":{"__uuid__":"995jzUzBBDmq/+jzPg1/aE"}}],"_contentSize":{"__type__":"cc.Size","width":232,"height":39},"_position":{"__type__":"cc.Vec2","x":-118}},{"__type__":"cc.Node","_name":"New Label","_parent":{"__id__":17},"_components":[{"__id__":20}],"_contentSize":{"__type__":"cc.Size","width":138,"height":34},"_position":{"__type__":"cc.Vec2","x":155}},{"__type__":"cc.Label","node":{"__id__":19},"_useOriginalSize":false,"_actualFontSize":34,"_fontSize":34,"_lineHeight":34,"_N$file":{"__uuid__":"60Pkm3pTdO7qSxdwM+WndA"},"_isSystemFontUsed":false,"_N$string":"15/100","_N$horizontalAlign":1,"_N$verticalAlign":1},{"__type__":"cc.Node","_name":"bottom03","_parent":{"__id__":15},"_children":[{"__id__":22},{"__id__":23}],"_components":[{"__type__":"cc.Sprite","node":{"__id__":21},"_spriteFrame":{"__uuid__":"c7ONM3jvRKwoqouiJXzN0E"}},{"__type__":"cc.Button","node":{"__id__":21},"transition":2,"clickEvents":[{"__type__":"cc.ClickEvent","target":{"__id__":11},"component":"Title","handler":"onClickEnterGradeProcess","customEventData":"2"}],"_N$normalSprite":{"__uuid__":"c7ONM3jvRKwoqouiJXzN0E"},"_N$pressedSprite":{"__uuid__":"d0zyy7j4VOa52JygGULDDk"},"pressedSprite":{"__uuid__":"d0zyy7j4VOa52JygGULDDk"},"_N$hoverSprite":{"__uuid__":"c7ONM3jvRKwoqouiJXzN0E"},"hoverSprite":{"__uuid__":"c7ONM3jvRKwoqouiJXzN0E"},"_N$disabledSprite":{"__uuid__":"c7ONM3jvRKwoqouiJXzN0E"},"_N$target":{"__id__":21}}],"_contentSize":{"__type__":"cc.Size","width":539,"height":84},"_position":{"__type__":"cc.Vec2","y":-25}},{"__type__":"cc.Node","_name":"word_advanced_zh","_parent":{"__id__":21},"_components":[{"__type__":"cc.Sprite","node":{"__id__":22},"_spriteFrame":{"__uuid__":"a0gi49vUVGerJMSfOzDKz1"}},{"__type__":"4d706d6oTlOx4Ahq5+Ly1x8","node":{"__id__":22},"en":{"__uuid__":"e0B1+lRv9GUqo9ZTOn6F7v"},"zh":{"__uuid__":"a0gi49vUVGerJMSfOzDKz1"}}],"_contentSize":{"__type__":"cc.Size","width":232,"height":39},"_position":{"__type__":"cc.Vec2","x":-118}},{"__type__":"cc.Node","_name":"New Label","_parent":{"__id__":21},"_components":[{"__id__":24}],"_contentSize":{"__type__":"cc.Size","width":138,"height":34},"_position":{"__type__":"cc.Vec2","x":155}},{"__type__":"cc.Label","node":{"__id__":23},"_useOriginalSize":false,"_actualFontSize":34,"_fontSize":34,"_lineHeight":34,"_N$file":{"__uuid__":"60Pkm3pTdO7qSxdwM+WndA"},"_isSystemFontUsed":false,"_N$string":"15/100","_N$horizontalAlign":1,"_N$verticalAlign":1},{"__type__":"cc.Node","_name":"bottom04","_parent":{"__id__":15},"_children":[{"__id__":26},{"__id__":27}],"_components":[{"__type__":"cc.Sprite","node":{"__id__":25},"_spriteFrame":{"__uuid__":"c29SDe1ItPqp6hQy1tYxVB"}},{"__type__":"cc.Button","node":{"__id__":25},"transition":2,"clickEvents":[{"__type__":"cc.ClickEvent","target":{"__id__":11},"component":"Title","handler":"onClickEnterGradeProcess","customEventData":"3"}],"_N$normalSprite":{"__uuid__":"c29SDe1ItPqp6hQy1tYxVB"},"_N$pressedSprite":{"__uuid__":"00QNyavS1GipEL1o2NxzPx"},"pressedSprite":{"__uuid__":"00QNyavS1GipEL1o2NxzPx"},"_N$hoverSprite":{"__uuid__":"c29SDe1ItPqp6hQy1tYxVB"},"hoverSprite":{"__uuid__":"c29SDe1ItPqp6hQy1tYxVB"},"_N$disabledSprite":{"__uuid__":"c29SDe1ItPqp6hQy1tYxVB"},"_N$target":{"__id__":25}}],"_contentSize":{"__type__":"cc.Size","width":539,"height":84},"_position":{"__type__":"cc.Vec2","y":-134}},{"__type__":"cc.Node","_name":"word_expert_zh","_parent":{"__id__":25},"_components":[{"__type__":"cc.Sprite","node":{"__id__":26},"_spriteFrame":{"__uuid__":"0bc73DHkBBLJUM1XSmB5+P"}},{"__type__":"4d706d6oTlOx4Ahq5+Ly1x8","node":{"__id__":26},"en":{"__uuid__":"18AJQ8uthH1Z6xV3z335iQ"},"zh":{"__uuid__":"0bc73DHkBBLJUM1XSmB5+P"}}],"_contentSize":{"__type__":"cc.Size","width":232,"height":39},"_position":{"__type__":"cc.Vec2","x":-118}},{"__type__":"cc.Node","_name":"New Label","_parent":{"__id__":25},"_components":[{"__id__":28}],"_contentSize":{"__type__":"cc.Size","width":138,"height":34},"_position":{"__type__":"cc.Vec2","x":155}},{"__type__":"cc.Label","node":{"__id__":27},"_useOriginalSize":false,"_actualFontSize":34,"_fontSize":34,"_lineHeight":34,"_N$file":{"__uuid__":"60Pkm3pTdO7qSxdwM+WndA"},"_isSystemFontUsed":false,"_N$string":"15/100","_N$horizontalAlign":1,"_N$verticalAlign":1},{"__type__":"cc.Node","_name":"bottom05","_parent":{"__id__":15},"_children":[{"__id__":30},{"__id__":31}],"_components":[{"__type__":"cc.Sprite","node":{"__id__":29},"_spriteFrame":{"__uuid__":"e06bPmqQpF3qg1ANuCF3ml"}},{"__type__":"cc.Button","node":{"__id__":29},"transition":2,"clickEvents":[{"__type__":"cc.ClickEvent","target":{"__id__":11},"component":"Title","handler":"onClickEnterGradeProcess","customEventData":"4"}],"_N$normalSprite":{"__uuid__":"e06bPmqQpF3qg1ANuCF3ml"},"_N$pressedSprite":{"__uuid__":"c9LfqMbMRArKUqRDhEImFw"},"pressedSprite":{"__uuid__":"c9LfqMbMRArKUqRDhEImFw"},"_N$hoverSprite":{"__uuid__":"e06bPmqQpF3qg1ANuCF3ml"},"hoverSprite":{"__uuid__":"e06bPmqQpF3qg1ANuCF3ml"},"_N$disabledSprite":{"__uuid__":"e06bPmqQpF3qg1ANuCF3ml"},"_N$target":{"__id__":29}}],"_contentSize":{"__type__":"cc.Size","width":539,"height":84},"_position":{"__type__":"cc.Vec2","y":-246}},{"__type__":"cc.Node","_name":"word_master_zh","_parent":{"__id__":29},"_components":[{"__type__":"cc.Sprite","node":{"__id__":30},"_spriteFrame":{"__uuid__":"c2KpJNq2pMcajdettDjLZZ"}},{"__type__":"4d706d6oTlOx4Ahq5+Ly1x8","node":{"__id__":30},"en":{"__uuid__":"89uhy1tiBCepz0E8Q5MAxe"},"zh":{"__uuid__":"c2KpJNq2pMcajdettDjLZZ"}}],"_contentSize":{"__type__":"cc.Size","width":232,"height":39},"_position":{"__type__":"cc.Vec2","x":-118}},{"__type__":"cc.Node","_name":"New Label","_parent":{"__id__":29},"_components":[{"__id__":32}],"_contentSize":{"__type__":"cc.Size","width":138,"height":34},"_position":{"__type__":"cc.Vec2","x":155}},{"__type__":"cc.Label","node":{"__id__":31},"_useOriginalSize":false,"_actualFontSize":34,"_fontSize":34,"_lineHeight":34,"_N$file":{"__uuid__":"60Pkm3pTdO7qSxdwM+WndA"},"_isSystemFontUsed":false,"_N$string":"15/100","_N$horizontalAlign":1,"_N$verticalAlign":1},{"__type__":"cc.Node","_name":"bottom06","_parent":{"__id__":15},"_children":[{"__id__":34},{"__id__":35},{"__id__":36},{"__id__":38}],"_components":[{"__type__":"cc.Sprite","node":{"__id__":33},"_spriteFrame":{"__uuid__":"07W0ucoPBK6pfgbPZuSJV6"}},{"__type__":"cc.Button","node":{"__id__":33},"transition":2,"clickEvents":[{"__type__":"cc.ClickEvent","target":{"__id__":33},"component":"TitleChallenge","handler":"onClickChallenge"}],"_N$normalSprite":{"__uuid__":"07W0ucoPBK6pfgbPZuSJV6"},"_N$pressedSprite":{"__uuid__":"36gcr2/6JKD52lxSBo4WpV"},"pressedSprite":{"__uuid__":"36gcr2/6JKD52lxSBo4WpV"},"_N$hoverSprite":{"__uuid__":"07W0ucoPBK6pfgbPZuSJV6"},"hoverSprite":{"__uuid__":"07W0ucoPBK6pfgbPZuSJV6"},"_N$disabledSprite":{"__uuid__":"07W0ucoPBK6pfgbPZuSJV6"},"_N$target":{"__id__":33}},{"__type__":"7a2ddACP2JN6ZdNq+vwt+qg","node":{"__id__":33},"maskNode":{"__id__":38},"timeLabel":{"__id__":40},"challengeSuccessCountLabel":{"__id__":37}}],"_contentSize":{"__type__":"cc.Size","width":539,"height":84},"_position":{"__type__":"cc.Vec2","y":-361}},{"__type__":"cc.Node","_name":"word_challenge_zh","_parent":{"__id__":33},"_components":[{"__type__":"cc.Sprite","node":{"__id__":34},"_spriteFrame":{"__uuid__":"b22e/gNaVAXJFcTgfCIAs6"}},{"__type__":"4d706d6oTlOx4Ahq5+Ly1x8","node":{"__id__":34},"en":{"__uuid__":"39BXTAp2xEQ6w85DFtvbuU"},"zh":{"__uuid__":"b22e/gNaVAXJFcTgfCIAs6"}}],"_contentSize":{"__type__":"cc.Size","width":232,"height":39},"_position":{"__type__":"cc.Vec2","x":-139.4}},{"__type__":"cc.Node","_name":"medal","_parent":{"__id__":33},"_components":[{"__type__":"cc.Sprite","node":{"__id__":35},"_spriteFrame":{"__uuid__":"dcW8TZ0sBNMq9tmJpZMVTN"}}],"_contentSize":{"__type__":"cc.Size","width":51,"height":63},"_position":{"__type__":"cc.Vec2","x":140}},{"__type__":"cc.Node","_name":"New Label","_parent":{"__id__":33},"_components":[{"__id__":37}],"_contentSize":{"__type__":"cc.Size","width":78,"height":34},"_position":{"__type__":"cc.Vec2","x":201}},{"__type__":"cc.Label","node":{"__id__":36},"_useOriginalSize":false,"_actualFontSize":34,"_fontSize":34,"_lineHeight":34,"_N$file":{"__uuid__":"e5nrQj6s5PRI8NKoaQsl6a"},"_isSystemFontUsed":false,"_N$string":"100","_N$horizontalAlign":1,"_N$verticalAlign":1},{"__type__":"cc.Node","_name":"bottom06_zhezhao","_parent":{"__id__":33},"_children":[{"__id__":39}],"_components":[{"__type__":"cc.Sprite","node":{"__id__":38},"_spriteFrame":{"__uuid__":"0aj1oDuXxMg4Ksuij9EM1y"}},{"__type__":"cc.Button","node":{"__id__":38},"_N$target":{"__id__":38}}],"_contentSize":{"__type__":"cc.Size","width":539,"height":84}},{"__type__":"cc.Node","_name":"New Label","_parent":{"__id__":38},"_components":[{"__id__":40}],"_contentSize":{"__type__":"cc.Size","width":112,"height":34}},{"__type__":"cc.Label","node":{"__id__":39},"_useOriginalSize":false,"_actualFontSize":34,"_fontSize":34,"_lineHeight":34,"_N$file":{"__uuid__":"e5nrQj6s5PRI8NKoaQsl6a"},"_isSystemFontUsed":false,"_N$string":"06:90","_N$horizontalAlign":1,"_N$verticalAlign":1},{"__type__":"cc.Node","_name":"word_beginner_zh","_parent":{"__id__":14},"_components":[{"__type__":"cc.Sprite","node":{"__id__":41},"_spriteFrame":{"__uuid__":"94dhpdu/JIYqwVtHgHNXXW"}},{"__type__":"4d706d6oTlOx4Ahq5+Ly1x8","node":{"__id__":41},"en":{"__uuid__":"cepT6xU1NMl5fNNQ+2TLM5"},"zh":{"__uuid__":"94dhpdu/JIYqwVtHgHNXXW"}}],"_contentSize":{"__type__":"cc.Size","width":232,"height":39},"_position":{"__type__":"cc.Vec2","x":-118}},{"__type__":"cc.Label","node":{"__id__":43},"_useOriginalSize":false,"_actualFontSize":24,"_fontSize":24,"_lineHeight":24,"_N$file":{"__uuid__":"8cZA0zAMVLOoWIWnOibxA5"},"_isSystemFontUsed":false,"_N$string":"0646","_N$horizontalAlign":1,"_N$verticalAlign":1},{"__type__":"cc.Node","_name":"New Label","_parent":{"__id__":44},"_components":[{"__id__":42}],"_contentSize":{"__type__":"cc.Size","width":72,"height":24},"_position":{"__type__":"cc.Vec2","x":17,"y":-4}},{"__type__":"cc.Node","_name":"coin_bottom","_parent":{"__id__":45},"_children":[{"__id__":43}],"_components":[{"__type__":"cc.Sprite","node":{"__id__":44},"_spriteFrame":{"__uuid__":"79EaYJimhAKIdYbiEPDTol"},"_sizeMode":2,"_isTrimmedMode":false}],"_contentSize":{"__type__":"cc.Size","width":155,"height":45}},{"__type__":"cc.Node","_name":"coin_bottom","_parent":{"__id__":46},"_children":[{"__id__":44}],"_components":[{"__type__":"cc.Widget","node":{"__id__":45},"_alignFlags":33,"_right":-40.25,"_top":19.5}],"_contentSize":{"__type__":"cc.Size","width":266.5,"height":37},"_position":{"__type__":"cc.Vec2","x":267,"y":-38}},{"__type__":"cc.Node","_name":"ui-top","_parent":{"__id__":2},"_children":[{"__id__":47},{"__id__":45},{"__id__":48}],"_components":[{"__type__":"cc.Widget","node":{"__id__":46},"_alignFlags":41},{"__type__":"5668ejrmVxC9ZyOw80jLDK1","node":{"__id__":46}}],"_contentSize":{"__type__":"cc.Size","width":720},"_position":{"__type__":"cc.Vec2","y":640}},{"__type__":"cc.Node","_name":"home","_parent":{"__id__":46},"_components":[{"__type__":"cc.Sprite","node":{"__id__":47},"_spriteFrame":{"__uuid__":"f440Jrcz5Mqor435zXgUr3"}},{"__type__":"cc.Widget","node":{"__id__":47},"_alignFlags":9,"_left":18,"_top":18},{"__type__":"cc.Button","node":{"__id__":47},"transition":2,"_N$normalSprite":{"__uuid__":"f440Jrcz5Mqor435zXgUr3"},"_N$pressedSprite":{"__uuid__":"95rBOQiWRG367b9C7lxHF9"},"pressedSprite":{"__uuid__":"95rBOQiWRG367b9C7lxHF9"},"_N$hoverSprite":{"__uuid__":"f440Jrcz5Mqor435zXgUr3"},"hoverSprite":{"__uuid__":"f440Jrcz5Mqor435zXgUr3"},"_N$disabledSprite":{"__uuid__":"f440Jrcz5Mqor435zXgUr3"},"_N$target":{"__id__":47}},{"__type__":"d158dGcAm9Kt7JxnFs6cS4w","node":{"__id__":47}},{"__type__":"b89f5Pw625MKJVDxH6Texcy","node":{"__id__":47}}],"_contentSize":{"__type__":"cc.Size","width":96,"height":96},"_position":{"__type__":"cc.Vec2","x":-294,"y":-66}},{"__type__":"cc.Node","_name":"loginRewardButton","_parent":{"__id__":46},"_children":[{"__id__":49}],"_components":[{"__type__":"cc.Sprite","node":{"__id__":48},"_spriteFrame":{"__uuid__":"c7BeRWBHRIeI899csg+Q0v"},"_sizeMode":2,"_isTrimmedMode":false},{"__type__":"cc.Widget","node":{"__id__":48},"_alignFlags":33,"_right":37,"_top":72.5},{"__type__":"cc.Button","node":{"__id__":48},"transition":2,"clickEvents":[{"__type__":"cc.ClickEvent","target":{"__id__":11},"component":"Title","handler":"onClickTodayReward"}],"_N$normalSprite":{"__uuid__":"c7BeRWBHRIeI899csg+Q0v"},"_N$pressedSprite":{"__uuid__":"c7BeRWBHRIeI899csg+Q0v"},"pressedSprite":{"__uuid__":"c7BeRWBHRIeI899csg+Q0v"},"_N$hoverSprite":{"__uuid__":"c7BeRWBHRIeI899csg+Q0v"},"hoverSprite":{"__uuid__":"c7BeRWBHRIeI899csg+Q0v"},"_N$disabledSprite":{"__uuid__":"ca+bcSkEpCur0rdF+0+SH1"},"_N$target":{"__id__":48}}],"_contentSize":{"__type__":"cc.Size","width":62,"height":65},"_position":{"__type__":"cc.Vec2","x":292,"y":-105}},{"__type__":"cc.Node","_name":"New Label","_parent":{"__id__":48},"_active":false,"_components":[{"__type__":"cc.Label","node":{"__id__":49},"_useOriginalSize":false,"_actualFontSize":16,"_fontSize":16,"_lineHeight":16,"_N$file":{"__uuid__":"d1HNiASgFH3pEQHp6oCd4V"},"_isSystemFontUsed":false,"_N$string":"00:30","_N$horizontalAlign":1,"_N$verticalAlign":1}],"_contentSize":{"__type__":"cc.Size","width":60,"height":16},"_position":{"__type__":"cc.Vec2","y":-22}},{"__type__":"cc.Node","_name":"moregames","_parent":{"__id__":6},"_children":[{"__id__":51}],"_components":[{"__type__":"cc.Sprite","node":{"__id__":50},"_spriteFrame":{"__uuid__":"d40zNw+cNBSLJFj/SZwUHB"}},{"__type__":"cc.Widget","node":{"__id__":50},"_alignFlags":36,"_right":20,"_bottom":22},{"__type__":"cc.Button","node":{"__id__":50},"_N$target":{"__id__":50}},{"__type__":"d4e95KEi+5FdpWVTiihCHCd","node":{"__id__":50}},{"__type__":"dc44fGN+RpJu4mfaU2ewqZc","node":{"__id__":50}}],"_contentSize":{"__type__":"cc.Size","width":96,"height":96},"_position":{"__type__":"cc.Vec2","x":292,"y":70}},{"__type__":"cc.Node","_name":"moregames0","_parent":{"__id__":50},"_components":[{"__type__":"cc.Sprite","node":{"__id__":51},"_spriteFrame":{"__uuid__":"f01emclQdNEJ8UrbHHxA3b"}}],"_contentSize":{"__type__":"cc.Size","width":87,"height":22},"_position":{"__type__":"cc.Vec2","y":-60}},{"__type__":"cc.Node","_name":"bg","_parent":{"__id__":2},"_components":[{"__type__":"cc.Sprite","node":{"__id__":52},"_spriteFrame":{"__uuid__":"9fY5FQ2h9JE4QwGiSpG0RO"}}],"_contentSize":{"__type__":"cc.Size","width":720,"height":1280}},{"__type__":"cc.Node","_name":"debugView","_parent":{"__id__":2},"_children":[{"__id__":54},{"__id__":55},{"__id__":56}],"_components":[{"__type__":"5ab2cEvlh5AMrcHSCnvsFQt","node":{"__id__":53}}]},{"__type__":"cc.Node","_name":"debugButton","_parent":{"__id__":53},"_components":[{"__type__":"cc.Sprite","node":{"__id__":54},"_spriteFrame":{"__uuid__":"38VovJfbhFmJoG9na9aQqO"}},{"__type__":"cc.Button","node":{"__id__":54},"transition":3,"clickEvents":[{"__type__":"cc.ClickEvent","target":{"__id__":53},"component":"DebugView","handler":"onClickDebugButton"}],"_N$target":{"__id__":54}}],"_opacity":180,"_color":{"__type__":"cc.Color","r":82,"g":82,"b":82},"_contentSize":{"__type__":"cc.Size","width":125,"height":104},"_position":{"__type__":"cc.Vec2","x":-265,"y":265}},{"__type__":"cc.Node","_name":"background","_parent":{"__id__":53},"_active":false,"_components":[{"__type__":"cc.Sprite","node":{"__id__":55},"_spriteFrame":{"__uuid__":"a2MjXRFdtLlYQ5ouAFv/+R"},"_sizeMode":0},{"__type__":"cc.Button","node":{"__id__":55},"_N$target":{"__id__":55}}],"_opacity":150,"_color":{"__type__":"cc.Color"},"_contentSize":{"__type__":"cc.Size","width":720,"height":1280}},{"__type__":"cc.Node","_name":"panel","_parent":{"__id__":53},"_children":[{"__id__":57},{"__id__":58},{"__id__":59},{"__id__":61},{"__id__":63},{"__id__":65},{"__id__":67},{"__id__":69},{"__id__":71},{"__id__":73},{"__id__":75},{"__id__":77}],"_active":false},{"__type__":"cc.Node","_name":"New Sprite(Splash)","_parent":{"__id__":56},"_components":[{"__type__":"cc.Sprite","node":{"__id__":57},"_spriteFrame":{"__uuid__":"a2MjXRFdtLlYQ5ouAFv/+R"},"_sizeMode":0}],"_opacity":150,"_color":{"__type__":"cc.Color"},"_contentSize":{"__type__":"cc.Size","width":500,"height":500}},{"__type__":"cc.Node","_name":"close","_parent":{"__id__":56},"_components":[{"__type__":"cc.Sprite","node":{"__id__":58},"_spriteFrame":{"__uuid__":"13LOp/thZIFauH+rvwiHr/"}},{"__type__":"cc.Button","node":{"__id__":58},"transition":3,"clickEvents":[{"__type__":"cc.ClickEvent","target":{"__id__":53},"component":"DebugView","handler":"onClickClose"}],"_N$target":{"__id__":58}}],"_contentSize":{"__type__":"cc.Size","width":88,"height":88},"_position":{"__type__":"cc.Vec2","x":177,"y":186}},{"__type__":"cc.Node","_name":"New Button","_parent":{"__id__":56},"_children":[{"__id__":60}],"_active":false,"_components":[{"__type__":"cc.Sprite","node":{"__id__":59},"_spriteFrame":{"__uuid__":"f0BIwQ8D5Ml7nTNQbh1YlS"},"_type":1,"_sizeMode":0},{"__type__":"cc.Button","node":{"__id__":59},"transition":3,"pressedColor":{"__type__":"cc.Color","r":255,"g":255,"b":255},"clickEvents":[{"__type__":"cc.ClickEvent","target":{"__id__":53},"component":"DebugView","handler":"onClickLayout"}],"_N$normalColor":{"__type__":"cc.Color","r":255,"g":255,"b":255},"_N$disabledColor":{"__type__":"cc.Color","r":255,"g":255,"b":255},"_N$normalSprite":{"__uuid__":"f0BIwQ8D5Ml7nTNQbh1YlS"},"_N$pressedSprite":{"__uuid__":"e97GVMl6JHh5Ml5qEDdSGa"},"pressedSprite":{"__uuid__":"e97GVMl6JHh5Ml5qEDdSGa"},"_N$hoverSprite":{"__uuid__":"e97GVMl6JHh5Ml5qEDdSGa"},"hoverSprite":{"__uuid__":"e97GVMl6JHh5Ml5qEDdSGa"},"_N$disabledSprite":{"__uuid__":"29FYIk+N1GYaeWH/q1NxQO"},"_N$target":{"__id__":59}}],"_contentSize":{"__type__":"cc.Size","width":120,"height":60},"_position":{"__type__":"cc.Vec2","x":-157,"y":152}},{"__type__":"cc.Node","_name":"Label","_parent":{"__id__":59},"_components":[{"__type__":"cc.Label","node":{"__id__":60},"_useOriginalSize":false,"_actualFontSize":20,"_fontSize":20,"_enableWrapText":false,"_N$string":"布局","_N$horizontalAlign":1,"_N$verticalAlign":1,"_N$overflow":1}],"_color":{"__type__":"cc.Color"},"_contentSize":{"__type__":"cc.Size","width":100,"height":40}},{"__type__":"cc.Node","_name":"New Button0","_parent":{"__id__":56},"_children":[{"__id__":62}],"_components":[{"__type__":"cc.Sprite","node":{"__id__":61},"_spriteFrame":{"__uuid__":"f0BIwQ8D5Ml7nTNQbh1YlS"},"_type":1,"_sizeMode":0},{"__type__":"cc.Button","node":{"__id__":61},"transition":3,"pressedColor":{"__type__":"cc.Color","r":255,"g":255,"b":255},"clickEvents":[{"__type__":"cc.ClickEvent","target":{"__id__":53},"component":"DebugView","handler":"onClickAddGradeProcess","customEventData":"0"}],"_N$normalColor":{"__type__":"cc.Color","r":255,"g":255,"b":255},"_N$disabledColor":{"__type__":"cc.Color","r":255,"g":255,"b":255},"_N$normalSprite":{"__uuid__":"f0BIwQ8D5Ml7nTNQbh1YlS"},"_N$pressedSprite":{"__uuid__":"e97GVMl6JHh5Ml5qEDdSGa"},"pressedSprite":{"__uuid__":"e97GVMl6JHh5Ml5qEDdSGa"},"_N$hoverSprite":{"__uuid__":"e97GVMl6JHh5Ml5qEDdSGa"},"hoverSprite":{"__uuid__":"e97GVMl6JHh5Ml5qEDdSGa"},"_N$disabledSprite":{"__uuid__":"29FYIk+N1GYaeWH/q1NxQO"},"_N$target":{"__id__":61}}],"_contentSize":{"__type__":"cc.Size","width":120,"height":60},"_position":{"__type__":"cc.Vec2","x":-157,"y":68}},{"__type__":"cc.Node","_name":"Label","_parent":{"__id__":61},"_components":[{"__type__":"cc.Label","node":{"__id__":62},"_useOriginalSize":false,"_actualFontSize":20,"_fontSize":20,"_enableWrapText":false,"_N$string":"+10","_N$horizontalAlign":1,"_N$verticalAlign":1,"_N$overflow":1}],"_color":{"__type__":"cc.Color"},"_contentSize":{"__type__":"cc.Size","width":100,"height":40}},{"__type__":"cc.Node","_name":"New Button","_parent":{"__id__":56},"_children":[{"__id__":64}],"_components":[{"__type__":"cc.Sprite","node":{"__id__":63},"_spriteFrame":{"__uuid__":"f0BIwQ8D5Ml7nTNQbh1YlS"},"_type":1,"_sizeMode":0},{"__type__":"cc.Button","node":{"__id__":63},"transition":3,"pressedColor":{"__type__":"cc.Color","r":255,"g":255,"b":255},"clickEvents":[{"__type__":"cc.ClickEvent","target":{"__id__":53},"component":"DebugView","handler":"onClickAddGradeProcess","customEventData":"1"}],"_N$normalColor":{"__type__":"cc.Color","r":255,"g":255,"b":255},"_N$disabledColor":{"__type__":"cc.Color","r":255,"g":255,"b":255},"_N$normalSprite":{"__uuid__":"f0BIwQ8D5Ml7nTNQbh1YlS"},"_N$pressedSprite":{"__uuid__":"e97GVMl6JHh5Ml5qEDdSGa"},"pressedSprite":{"__uuid__":"e97GVMl6JHh5Ml5qEDdSGa"},"_N$hoverSprite":{"__uuid__":"e97GVMl6JHh5Ml5qEDdSGa"},"hoverSprite":{"__uuid__":"e97GVMl6JHh5Ml5qEDdSGa"},"_N$disabledSprite":{"__uuid__":"29FYIk+N1GYaeWH/q1NxQO"},"_N$target":{"__id__":63}}],"_contentSize":{"__type__":"cc.Size","width":120,"height":60},"_position":{"__type__":"cc.Vec2","x":-157,"y":2}},{"__type__":"cc.Node","_name":"Label","_parent":{"__id__":63},"_components":[{"__type__":"cc.Label","node":{"__id__":64},"_useOriginalSize":false,"_actualFontSize":20,"_fontSize":20,"_enableWrapText":false,"_N$string":"+10","_N$horizontalAlign":1,"_N$verticalAlign":1,"_N$overflow":1}],"_color":{"__type__":"cc.Color"},"_contentSize":{"__type__":"cc.Size","width":100,"height":40}},{"__type__":"cc.Node","_name":"New Button","_parent":{"__id__":56},"_children":[{"__id__":66}],"_components":[{"__type__":"cc.Sprite","node":{"__id__":65},"_spriteFrame":{"__uuid__":"f0BIwQ8D5Ml7nTNQbh1YlS"},"_type":1,"_sizeMode":0},{"__type__":"cc.Button","node":{"__id__":65},"transition":3,"pressedColor":{"__type__":"cc.Color","r":255,"g":255,"b":255},"clickEvents":[{"__type__":"cc.ClickEvent","target":{"__id__":53},"component":"DebugView","handler":"onClickAddGradeProcess","customEventData":"2"}],"_N$normalColor":{"__type__":"cc.Color","r":255,"g":255,"b":255},"_N$disabledColor":{"__type__":"cc.Color","r":255,"g":255,"b":255},"_N$normalSprite":{"__uuid__":"f0BIwQ8D5Ml7nTNQbh1YlS"},"_N$pressedSprite":{"__uuid__":"e97GVMl6JHh5Ml5qEDdSGa"},"pressedSprite":{"__uuid__":"e97GVMl6JHh5Ml5qEDdSGa"},"_N$hoverSprite":{"__uuid__":"e97GVMl6JHh5Ml5qEDdSGa"},"hoverSprite":{"__uuid__":"e97GVMl6JHh5Ml5qEDdSGa"},"_N$disabledSprite":{"__uuid__":"29FYIk+N1GYaeWH/q1NxQO"},"_N$target":{"__id__":65}}],"_contentSize":{"__type__":"cc.Size","width":120,"height":60},"_position":{"__type__":"cc.Vec2","x":-157,"y":-62}},{"__type__":"cc.Node","_name":"Label","_parent":{"__id__":65},"_components":[{"__type__":"cc.Label","node":{"__id__":66},"_useOriginalSize":false,"_actualFontSize":20,"_fontSize":20,"_enableWrapText":false,"_N$string":"+10","_N$horizontalAlign":1,"_N$verticalAlign":1,"_N$overflow":1}],"_color":{"__type__":"cc.Color"},"_contentSize":{"__type__":"cc.Size","width":100,"height":40}},{"__type__":"cc.Node","_name":"New Button","_parent":{"__id__":56},"_children":[{"__id__":68}],"_components":[{"__type__":"cc.Sprite","node":{"__id__":67},"_spriteFrame":{"__uuid__":"f0BIwQ8D5Ml7nTNQbh1YlS"},"_type":1,"_sizeMode":0},{"__type__":"cc.Button","node":{"__id__":67},"transition":3,"pressedColor":{"__type__":"cc.Color","r":255,"g":255,"b":255},"clickEvents":[{"__type__":"cc.ClickEvent","target":{"__id__":53},"component":"DebugView","handler":"onClickAddGradeProcess","customEventData":"3"}],"_N$normalColor":{"__type__":"cc.Color","r":255,"g":255,"b":255},"_N$disabledColor":{"__type__":"cc.Color","r":255,"g":255,"b":255},"_N$normalSprite":{"__uuid__":"f0BIwQ8D5Ml7nTNQbh1YlS"},"_N$pressedSprite":{"__uuid__":"e97GVMl6JHh5Ml5qEDdSGa"},"pressedSprite":{"__uuid__":"e97GVMl6JHh5Ml5qEDdSGa"},"_N$hoverSprite":{"__uuid__":"e97GVMl6JHh5Ml5qEDdSGa"},"hoverSprite":{"__uuid__":"e97GVMl6JHh5Ml5qEDdSGa"},"_N$disabledSprite":{"__uuid__":"29FYIk+N1GYaeWH/q1NxQO"},"_N$target":{"__id__":67}}],"_contentSize":{"__type__":"cc.Size","width":120,"height":60},"_position":{"__type__":"cc.Vec2","x":-157,"y":-128}},{"__type__":"cc.Node","_name":"Label","_parent":{"__id__":67},"_components":[{"__type__":"cc.Label","node":{"__id__":68},"_useOriginalSize":false,"_actualFontSize":20,"_fontSize":20,"_enableWrapText":false,"_N$string":"+10","_N$horizontalAlign":1,"_N$verticalAlign":1,"_N$overflow":1}],"_color":{"__type__":"cc.Color"},"_contentSize":{"__type__":"cc.Size","width":100,"height":40}},{"__type__":"cc.Node","_name":"New Button4","_parent":{"__id__":56},"_children":[{"__id__":70}],"_components":[{"__type__":"cc.Sprite","node":{"__id__":69},"_spriteFrame":{"__uuid__":"f0BIwQ8D5Ml7nTNQbh1YlS"},"_type":1,"_sizeMode":0},{"__type__":"cc.Button","node":{"__id__":69},"transition":3,"pressedColor":{"__type__":"cc.Color","r":255,"g":255,"b":255},"clickEvents":[{"__type__":"cc.ClickEvent","target":{"__id__":53},"component":"DebugView","handler":"onClickAddGradeProcess","customEventData":"4"}],"_N$normalColor":{"__type__":"cc.Color","r":255,"g":255,"b":255},"_N$disabledColor":{"__type__":"cc.Color","r":255,"g":255,"b":255},"_N$normalSprite":{"__uuid__":"f0BIwQ8D5Ml7nTNQbh1YlS"},"_N$pressedSprite":{"__uuid__":"e97GVMl6JHh5Ml5qEDdSGa"},"pressedSprite":{"__uuid__":"e97GVMl6JHh5Ml5qEDdSGa"},"_N$hoverSprite":{"__uuid__":"e97GVMl6JHh5Ml5qEDdSGa"},"hoverSprite":{"__uuid__":"e97GVMl6JHh5Ml5qEDdSGa"},"_N$disabledSprite":{"__uuid__":"29FYIk+N1GYaeWH/q1NxQO"},"_N$target":{"__id__":69}}],"_contentSize":{"__type__":"cc.Size","width":120,"height":60},"_position":{"__type__":"cc.Vec2","x":-157,"y":-194}},{"__type__":"cc.Node","_name":"Label","_parent":{"__id__":69},"_components":[{"__type__":"cc.Label","node":{"__id__":70},"_useOriginalSize":false,"_actualFontSize":20,"_fontSize":20,"_enableWrapText":false,"_N$string":"+10","_N$horizontalAlign":1,"_N$verticalAlign":1,"_N$overflow":1}],"_color":{"__type__":"cc.Color"},"_contentSize":{"__type__":"cc.Size","width":100,"height":40}},{"__type__":"cc.Node","_name":"New Button-process","_parent":{"__id__":56},"_children":[{"__id__":72}],"_components":[{"__type__":"cc.Sprite","node":{"__id__":71},"_spriteFrame":{"__uuid__":"f0BIwQ8D5Ml7nTNQbh1YlS"},"_type":1,"_sizeMode":0},{"__type__":"cc.Button","node":{"__id__":71},"transition":3,"pressedColor":{"__type__":"cc.Color","r":255,"g":255,"b":255},"clickEvents":[{"__type__":"cc.ClickEvent","target":{"__id__":53},"component":"DebugView","handler":"onClickCleanUnlock","customEventData":"4"}],"_N$normalColor":{"__type__":"cc.Color","r":255,"g":255,"b":255},"_N$disabledColor":{"__type__":"cc.Color","r":255,"g":255,"b":255},"_N$normalSprite":{"__uuid__":"f0BIwQ8D5Ml7nTNQbh1YlS"},"_N$pressedSprite":{"__uuid__":"e97GVMl6JHh5Ml5qEDdSGa"},"pressedSprite":{"__uuid__":"e97GVMl6JHh5Ml5qEDdSGa"},"_N$hoverSprite":{"__uuid__":"e97GVMl6JHh5Ml5qEDdSGa"},"hoverSprite":{"__uuid__":"e97GVMl6JHh5Ml5qEDdSGa"},"_N$disabledSprite":{"__uuid__":"29FYIk+N1GYaeWH/q1NxQO"},"_N$target":{"__id__":71}}],"_contentSize":{"__type__":"cc.Size","width":120,"height":60},"_position":{"__type__":"cc.Vec2","x":-22,"y":68}},{"__type__":"cc.Node","_name":"Label","_parent":{"__id__":71},"_components":[{"__type__":"cc.Label","node":{"__id__":72},"_useOriginalSize":false,"_actualFontSize":20,"_fontSize":20,"_enableWrapText":false,"_N$string":"清除进度","_N$horizontalAlign":1,"_N$verticalAlign":1,"_N$overflow":1}],"_color":{"__type__":"cc.Color"},"_contentSize":{"__type__":"cc.Size","width":100,"height":40}},{"__type__":"cc.Node","_name":"New Button-time","_parent":{"__id__":56},"_children":[{"__id__":74}],"_components":[{"__type__":"cc.Sprite","node":{"__id__":73},"_spriteFrame":{"__uuid__":"f0BIwQ8D5Ml7nTNQbh1YlS"},"_type":1,"_sizeMode":0},{"__type__":"cc.Button","node":{"__id__":73},"transition":3,"pressedColor":{"__type__":"cc.Color","r":255,"g":255,"b":255},"clickEvents":[{"__type__":"cc.ClickEvent","target":{"__id__":53},"component":"DebugView","handler":"onClickCleanChallenge","customEventData":"0"}],"_N$normalColor":{"__type__":"cc.Color","r":255,"g":255,"b":255},"_N$disabledColor":{"__type__":"cc.Color","r":255,"g":255,"b":255},"_N$normalSprite":{"__uuid__":"f0BIwQ8D5Ml7nTNQbh1YlS"},"_N$pressedSprite":{"__uuid__":"e97GVMl6JHh5Ml5qEDdSGa"},"pressedSprite":{"__uuid__":"e97GVMl6JHh5Ml5qEDdSGa"},"_N$hoverSprite":{"__uuid__":"e97GVMl6JHh5Ml5qEDdSGa"},"hoverSprite":{"__uuid__":"e97GVMl6JHh5Ml5qEDdSGa"},"_N$disabledSprite":{"__uuid__":"29FYIk+N1GYaeWH/q1NxQO"},"_N$target":{"__id__":73}}],"_contentSize":{"__type__":"cc.Size","width":120,"height":60},"_position":{"__type__":"cc.Vec2","x":115,"y":68}},{"__type__":"cc.Node","_name":"Label","_parent":{"__id__":73},"_components":[{"__type__":"cc.Label","node":{"__id__":74},"_useOriginalSize":false,"_actualFontSize":20,"_fontSize":20,"_enableWrapText":false,"_N$string":"挑战时间","_N$horizontalAlign":1,"_N$verticalAlign":1,"_N$overflow":1}],"_color":{"__type__":"cc.Color"},"_contentSize":{"__type__":"cc.Size","width":100,"height":40}},{"__type__":"cc.Node","_name":"New Button=0","_parent":{"__id__":56},"_children":[{"__id__":76}],"_components":[{"__type__":"cc.Sprite","node":{"__id__":75},"_spriteFrame":{"__uuid__":"f0BIwQ8D5Ml7nTNQbh1YlS"},"_type":1,"_sizeMode":0},{"__type__":"cc.Button","node":{"__id__":75},"transition":3,"pressedColor":{"__type__":"cc.Color","r":255,"g":255,"b":255},"clickEvents":[{"__type__":"cc.ClickEvent","target":{"__id__":53},"component":"DebugView","handler":"onClickClearReward","customEventData":"0"}],"_N$normalColor":{"__type__":"cc.Color","r":255,"g":255,"b":255},"_N$disabledColor":{"__type__":"cc.Color","r":255,"g":255,"b":255},"_N$normalSprite":{"__uuid__":"f0BIwQ8D5Ml7nTNQbh1YlS"},"_N$pressedSprite":{"__uuid__":"e97GVMl6JHh5Ml5qEDdSGa"},"pressedSprite":{"__uuid__":"e97GVMl6JHh5Ml5qEDdSGa"},"_N$hoverSprite":{"__uuid__":"e97GVMl6JHh5Ml5qEDdSGa"},"hoverSprite":{"__uuid__":"e97GVMl6JHh5Ml5qEDdSGa"},"_N$disabledSprite":{"__uuid__":"29FYIk+N1GYaeWH/q1NxQO"},"_N$target":{"__id__":75}}],"_contentSize":{"__type__":"cc.Size","width":120,"height":60},"_position":{"__type__":"cc.Vec2","x":-22.2,"y":2.4}},{"__type__":"cc.Node","_name":"Label","_parent":{"__id__":75},"_components":[{"__type__":"cc.Label","node":{"__id__":76},"_useOriginalSize":false,"_actualFontSize":20,"_fontSize":20,"_enableWrapText":false,"_N$string":"挑战=0","_N$horizontalAlign":1,"_N$verticalAlign":1,"_N$overflow":1}],"_color":{"__type__":"cc.Color"},"_contentSize":{"__type__":"cc.Size","width":100,"height":40}},{"__type__":"cc.Node","_name":"New Button+100","_parent":{"__id__":56},"_children":[{"__id__":78}],"_components":[{"__type__":"cc.Sprite","node":{"__id__":77},"_spriteFrame":{"__uuid__":"f0BIwQ8D5Ml7nTNQbh1YlS"},"_type":1,"_sizeMode":0},{"__type__":"cc.Button","node":{"__id__":77},"transition":3,"pressedColor":{"__type__":"cc.Color","r":255,"g":255,"b":255},"clickEvents":[{"__type__":"cc.ClickEvent","target":{"__id__":53},"component":"DebugView","handler":"onClickAddCoin","customEventData":"0"}],"_N$normalColor":{"__type__":"cc.Color","r":255,"g":255,"b":255},"_N$disabledColor":{"__type__":"cc.Color","r":255,"g":255,"b":255},"_N$normalSprite":{"__uuid__":"f0BIwQ8D5Ml7nTNQbh1YlS"},"_N$pressedSprite":{"__uuid__":"e97GVMl6JHh5Ml5qEDdSGa"},"pressedSprite":{"__uuid__":"e97GVMl6JHh5Ml5qEDdSGa"},"_N$hoverSprite":{"__uuid__":"e97GVMl6JHh5Ml5qEDdSGa"},"hoverSprite":{"__uuid__":"e97GVMl6JHh5Ml5qEDdSGa"},"_N$disabledSprite":{"__uuid__":"29FYIk+N1GYaeWH/q1NxQO"},"_N$target":{"__id__":77}}],"_contentSize":{"__type__":"cc.Size","width":120,"height":60},"_position":{"__type__":"cc.Vec2","x":114.2,"y":2.4}},{"__type__":"cc.Node","_name":"Label","_parent":{"__id__":77},"_components":[{"__type__":"cc.Label","node":{"__id__":78},"_useOriginalSize":false,"_actualFontSize":20,"_fontSize":20,"_enableWrapText":false,"_N$string":"金币+100","_N$horizontalAlign":1,"_N$verticalAlign":1,"_N$overflow":1}],"_color":{"__type__":"cc.Color"},"_contentSize":{"__type__":"cc.Size","width":100,"height":40}},{"__type__":"cc.Node","_name":"challengeView","_parent":{"__id__":2},"_children":[{"__id__":80},{"__id__":81}],"_components":[{"__type__":"c206ePpYLVAYbCW0WjHkckw","node":{"__id__":79},"timeAddLabel":{"__id__":86},"coinAddLabel":{"__id__":92},"rewardAddLabel":{"__id__":95},"costLabel":{"__id__":103},"noCoinToast":{"__id__":106},"noAdsToast":{"__id__":108}}]},{"__type__":"cc.Node","_name":"background","_parent":{"__id__":79},"_active":false,"_components":[{"__type__":"cc.Sprite","node":{"__id__":80},"_spriteFrame":{"__uuid__":"a2MjXRFdtLlYQ5ouAFv/+R"},"_sizeMode":0},{"__type__":"cc.Button","node":{"__id__":80},"_N$target":{"__id__":80}}],"_opacity":150,"_color":{"__type__":"cc.Color"},"_contentSize":{"__type__":"cc.Size","width":720,"height":1280}},{"__type__":"cc.Node","_name":"panel","_parent":{"__id__":79},"_children":[{"__id__":82},{"__id__":83},{"__id__":87},{"__id__":96},{"__id__":99},{"__id__":104}],"_active":false,"_components":[{"__type__":"cc.Sprite","node":{"__id__":81},"_spriteFrame":{"__uuid__":"87iZP6qSdPtLi+7bFQzMrl"}}],"_contentSize":{"__type__":"cc.Size","width":618,"height":619}},{"__type__":"cc.Node","_name":"word_challenge_zh","_parent":{"__id__":81},"_components":[{"__type__":"cc.Sprite","node":{"__id__":82},"_spriteFrame":{"__uuid__":"8b2DASS4VIt6jQ8HYzMuhX"}},{"__type__":"4d706d6oTlOx4Ahq5+Ly1x8","node":{"__id__":82},"en":{"__uuid__":"9dXc2Q2pFFxryKtzxtg+Vg"},"zh":{"__uuid__":"8b2DASS4VIt6jQ8HYzMuhX"}}],"_contentSize":{"__type__":"cc.Size","width":300,"height":56},"_position":{"__type__":"cc.Vec2","y":254}},{"__type__":"cc.Node","_name":"New Node","_parent":{"__id__":81},"_children":[{"__id__":84},{"__id__":85}],"_components":[{"__type__":"cc.Layout","node":{"__id__":83},"_layoutSize":{"__type__":"cc.Size","width":278,"height":200},"_resize":1,"_N$layoutType":1,"_N$spacingX":20}],"_contentSize":{"__type__":"cc.Size","width":278,"height":200},"_position":{"__type__":"cc.Vec2","y":100}},{"__type__":"cc.Node","_name":"icon_time","_parent":{"__id__":83},"_components":[{"__type__":"cc.Sprite","node":{"__id__":84},"_spriteFrame":{"__uuid__":"6bXiE8R05IKZs0hsJT37uv"}}],"_contentSize":{"__type__":"cc.Size","width":118,"height":118},"_position":{"__type__":"cc.Vec2","x":-80}},{"__type__":"cc.Node","_name":"New Label","_parent":{"__id__":83},"_components":[{"__id__":86}],"_contentSize":{"__type__":"cc.Size","width":80,"height":60},"_position":{"__type__":"cc.Vec2","x":39}},{"__type__":"cc.Label","node":{"__id__":85},"_useOriginalSize":false,"_actualFontSize":60,"_fontSize":60,"_lineHeight":60,"_N$file":{"__uuid__":"aa3hyjOD9CHbnH6OYsVXn6"},"_isSystemFontUsed":false,"_N$string":"30","_N$horizontalAlign":1,"_N$verticalAlign":1},{"__type__":"cc.Node","_name":"frame_tiao","_parent":{"__id__":81},"_children":[{"__id__":88}],"_components":[{"__type__":"cc.Sprite","node":{"__id__":87},"_spriteFrame":{"__uuid__":"f9K9akPDxAWaxEEvIumKpi"}}],"_contentSize":{"__type__":"cc.Size","width":618,"height":86},"_position":{"__type__":"cc.Vec2","y":-32}},{"__type__":"cc.Node","_name":"New Node","_parent":{"__id__":87},"_children":[{"__id__":89},{"__id__":90},{"__id__":91},{"__id__":93},{"__id__":94}],"_components":[{"__type__":"cc.Layout","node":{"__id__":88},"_layoutSize":{"__type__":"cc.Size","width":366,"height":200},"_resize":1,"_N$layoutType":1,"_N$spacingX":30}],"_contentSize":{"__type__":"cc.Size","width":366,"height":200}},{"__type__":"cc.Node","_name":"word_reward_zh","_parent":{"__id__":88},"_components":[{"__type__":"cc.Sprite","node":{"__id__":89},"_spriteFrame":{"__uuid__":"25C92eJBhA4Kq69wVVDTw/"}},{"__type__":"4d706d6oTlOx4Ahq5+Ly1x8","node":{"__id__":89},"en":{"__uuid__":"2cud0xzDBCPoQhypRGnoZf"},"zh":{"__uuid__":"25C92eJBhA4Kq69wVVDTw/"}}],"_contentSize":{"__type__":"cc.Size","width":98,"height":36},"_position":{"__type__":"cc.Vec2","x":-134}},{"__type__":"cc.Node","_name":"icon_coin","_parent":{"__id__":88},"_components":[{"__type__":"cc.Sprite","node":{"__id__":90},"_spriteFrame":{"__uuid__":"99FsOBV05AwL0pj36EsCHr"}}],"_contentSize":{"__type__":"cc.Size","width":52,"height":61},"_position":{"__type__":"cc.Vec2","x":-29}},{"__type__":"cc.Node","_name":"New Label","_parent":{"__id__":88},"_components":[{"__id__":92}],"_contentSize":{"__type__":"cc.Size","width":22,"height":40},"_position":{"__type__":"cc.Vec2","x":38}},{"__type__":"cc.Label","node":{"__id__":91},"_useOriginalSize":false,"_fontSize":34,"_lineHeight":34,"_N$file":{"__uuid__":"22gRyf04xBnqyIWkMSZhnU"},"_isSystemFontUsed":false,"_N$string":"7","_N$horizontalAlign":1,"_N$verticalAlign":1},{"__type__":"cc.Node","_name":"icon_medal","_parent":{"__id__":88},"_components":[{"__type__":"cc.Sprite","node":{"__id__":93},"_spriteFrame":{"__uuid__":"3capfBlANPd4AaAx2Pyobw"}}],"_contentSize":{"__type__":"cc.Size","width":52,"height":61},"_position":{"__type__":"cc.Vec2","x":105}},{"__type__":"cc.Node","_name":"New Label","_parent":{"__id__":88},"_components":[{"__id__":95}],"_contentSize":{"__type__":"cc.Size","width":22,"height":40},"_position":{"__type__":"cc.Vec2","x":172}},{"__type__":"cc.Label","node":{"__id__":94},"_useOriginalSize":false,"_fontSize":34,"_lineHeight":34,"_N$file":{"__uuid__":"22gRyf04xBnqyIWkMSZhnU"},"_isSystemFontUsed":false,"_N$string":"8","_N$horizontalAlign":1,"_N$verticalAlign":1},{"__type__":"cc.Node","_name":"button01","_parent":{"__id__":81},"_children":[{"__id__":97},{"__id__":98}],"_components":[{"__type__":"cc.Sprite","node":{"__id__":96},"_spriteFrame":{"__uuid__":"20o8s1RHRLn4cHnk6tUUKn"}},{"__type__":"cc.Button","node":{"__id__":96},"transition":2,"clickEvents":[{"__type__":"cc.ClickEvent","target":{"__id__":79},"component":"ChallengeView","handler":"onClickFree"}],"_N$normalSprite":{"__uuid__":"20o8s1RHRLn4cHnk6tUUKn"},"_N$pressedSprite":{"__uuid__":"65xc8v8TxO4KR+qhsLJfLH"},"pressedSprite":{"__uuid__":"65xc8v8TxO4KR+qhsLJfLH"},"_N$hoverSprite":{"__uuid__":"20o8s1RHRLn4cHnk6tUUKn"},"hoverSprite":{"__uuid__":"20o8s1RHRLn4cHnk6tUUKn"},"_N$disabledSprite":{"__uuid__":"20o8s1RHRLn4cHnk6tUUKn"},"_N$target":{"__id__":96}}],"_contentSize":{"__type__":"cc.Size","width":311,"height":84},"_position":{"__type__":"cc.Vec2","y":-143}},{"__type__":"cc.Node","_name":"video","_parent":{"__id__":96},"_components":[{"__type__":"cc.Sprite","node":{"__id__":97},"_spriteFrame":{"__uuid__":"edIrovnJpH64uxug4jLvZK"}}],"_contentSize":{"__type__":"cc.Size","width":57,"height":48},"_position":{"__type__":"cc.Vec2","x":-87,"y":5}},{"__type__":"cc.Node","_name":"word_free_en","_parent":{"__id__":96},"_components":[{"__type__":"cc.Sprite","node":{"__id__":98},"_spriteFrame":{"__uuid__":"9c0pBAB51KD42Re02Ctygi"}}],"_contentSize":{"__type__":"cc.Size","width":90,"height":28},"_position":{"__type__":"cc.Vec2","x":44,"y":3}},{"__type__":"cc.Node","_name":"button02","_parent":{"__id__":81},"_children":[{"__id__":100},{"__id__":101},{"__id__":102}],"_components":[{"__type__":"cc.Sprite","node":{"__id__":99},"_spriteFrame":{"__uuid__":"e4P7vt/9FK7auHwffG0Ojs"}},{"__type__":"cc.Button","node":{"__id__":99},"transition":2,"clickEvents":[{"__type__":"cc.ClickEvent","target":{"__id__":79},"component":"ChallengeView","handler":"onClickCost"}],"_N$normalSprite":{"__uuid__":"e4P7vt/9FK7auHwffG0Ojs"},"_N$pressedSprite":{"__uuid__":"d23HNr5xdMDoRM8VMAsNHU"},"pressedSprite":{"__uuid__":"d23HNr5xdMDoRM8VMAsNHU"},"_N$hoverSprite":{"__uuid__":"e4P7vt/9FK7auHwffG0Ojs"},"hoverSprite":{"__uuid__":"e4P7vt/9FK7auHwffG0Ojs"},"_N$disabledSprite":{"__uuid__":"e4P7vt/9FK7auHwffG0Ojs"},"_N$target":{"__id__":99}}],"_contentSize":{"__type__":"cc.Size","width":311,"height":84},"_position":{"__type__":"cc.Vec2","y":-246}},{"__type__":"cc.Node","_name":"word_cost_en","_parent":{"__id__":99},"_components":[{"__type__":"cc.Sprite","node":{"__id__":100},"_spriteFrame":{"__uuid__":"c4xRRRPcRLgpAtmeJNM6LE"}}],"_contentSize":{"__type__":"cc.Size","width":103,"height":29},"_position":{"__type__":"cc.Vec2","x":-71}},{"__type__":"cc.Node","_name":"icon_cost","_parent":{"__id__":99},"_components":[{"__type__":"cc.Sprite","node":{"__id__":101},"_spriteFrame":{"__uuid__":"6eIWWzm0JOLKjN13sj3BC5"}}],"_contentSize":{"__type__":"cc.Size","width":43,"height":42},"_position":{"__type__":"cc.Vec2","x":27.2}},{"__type__":"cc.Node","_name":"New Label","_parent":{"__id__":99},"_components":[{"__id__":103}],"_contentSize":{"__type__":"cc.Size","width":44,"height":40},"_position":{"__type__":"cc.Vec2","x":94}},{"__type__":"cc.Label","node":{"__id__":102},"_useOriginalSize":false,"_fontSize":34,"_lineHeight":34,"_N$file":{"__uuid__":"22gRyf04xBnqyIWkMSZhnU"},"_isSystemFontUsed":false,"_N$string":"20","_N$horizontalAlign":1,"_N$verticalAlign":1},{"__type__":"cc.Node","_name":"New Node","_parent":{"__id__":81},"_children":[{"__id__":105}],"_components":[{"__type__":"cc.Button","node":{"__id__":104},"clickEvents":[{"__type__":"cc.ClickEvent","target":{"__id__":79},"component":"ChallengeView","handler":"onClickClose"}],"_N$target":{"__id__":104}}],"_contentSize":{"__type__":"cc.Size","width":100,"height":100},"_position":{"__type__":"cc.Vec2","x":251,"y":255}},{"__type__":"cc.Node","_name":"close","_parent":{"__id__":104},"_components":[{"__type__":"cc.Sprite","node":{"__id__":105},"_spriteFrame":{"__uuid__":"07/PzdpydLKIC4U/odnJqh"}}],"_contentSize":{"__type__":"cc.Size","width":47,"height":48}},{"__type__":"cc.Node","_name":"coin","_parent":{"__id__":107},"_components":[{"__type__":"cc.Sprite","node":{"__id__":106},"_spriteFrame":{"__uuid__":"d6Rfw/HiNACpg74YWkRqNl"}},{"__type__":"4d706d6oTlOx4Ahq5+Ly1x8","node":{"__id__":106},"en":{"__uuid__":"45bJRcR81PuIjjGQKHoQU4"},"zh":{"__uuid__":"d6Rfw/HiNACpg74YWkRqNl"}}],"_contentSize":{"__type__":"cc.Size","width":254,"height":34}},{"__type__":"cc.Node","_name":"_toast","_parent":{"__id__":2},"_children":[{"__id__":106},{"__id__":108}],"_active":false,"_position":{"__type__":"cc.Vec2","y":-718}},{"__type__":"cc.Node","_name":"ads","_parent":{"__id__":107},"_components":[{"__type__":"cc.Sprite","node":{"__id__":108},"_spriteFrame":{"__uuid__":"e0PNsCFEVOybLuyEv6E+ad"}},{"__type__":"4d706d6oTlOx4Ahq5+Ly1x8","node":{"__id__":108},"en":{"__uuid__":"9cZg6zE59Mw577E4HaudPY"},"zh":{"__uuid__":"e0PNsCFEVOybLuyEv6E+ad"}}],"_contentSize":{"__type__":"cc.Size","width":495,"height":36},"_position":{"__type__":"cc.Vec2","y":-46}},{"__type__":"cc.Node","_name":"loginRewardView","_parent":{"__id__":2},"_children":[{"__id__":110},{"__id__":111}],"_components":[{"__type__":"7d691w/jAFKsoO3hEiTEr3s","node":{"__id__":109},"noAdsToast":{"__id__":108},"rewardLabel":{"__id__":117},"giftNode":{"__id__":112},"showNode":{"__id__":113}}]},{"__type__":"cc.Node","_name":"background","_parent":{"__id__":109},"_active":false,"_components":[{"__type__":"cc.Sprite","node":{"__id__":110},"_spriteFrame":{"__uuid__":"a2MjXRFdtLlYQ5ouAFv/+R"},"_sizeMode":0},{"__type__":"cc.Button","node":{"__id__":110},"_N$target":{"__id__":110}}],"_opacity":150,"_color":{"__type__":"cc.Color"},"_contentSize":{"__type__":"cc.Size","width":720,"height":1280}},{"__type__":"cc.Node","_name":"panel","_parent":{"__id__":109},"_children":[{"__id__":112},{"__id__":113}],"_active":false},{"__type__":"cc.Node","_name":"gift","_parent":{"__id__":111},"_components":[{"__type__":"cc.Sprite","node":{"__id__":112},"_spriteFrame":{"__uuid__":"63GtbedctA9596Idn/S6vZ"}},{"__type__":"cc.Button","node":{"__id__":112},"clickEvents":[{"__type__":"cc.ClickEvent","target":{"__id__":109},"component":"LoginRewardView","handler":"onClickGift"}],"_N$target":{"__id__":112}}],"_contentSize":{"__type__":"cc.Size","width":431,"height":431}},{"__type__":"cc.Node","_name":"node","_parent":{"__id__":111},"_children":[{"__id__":114},{"__id__":118},{"__id__":120}],"_active":false},{"__type__":"cc.Node","_name":"coin_frame","_parent":{"__id__":113},"_children":[{"__id__":115},{"__id__":116}],"_components":[{"__type__":"cc.Sprite","node":{"__id__":114},"_spriteFrame":{"__uuid__":"71aPI/sHZByrcasBTN+u4I"}}],"_contentSize":{"__type__":"cc.Size","width":426,"height":353},"_position":{"__type__":"cc.Vec2","x":-11,"y":218}},{"__type__":"cc.Node","_name":"coin","_parent":{"__id__":114},"_components":[{"__type__":"cc.Sprite","node":{"__id__":115},"_spriteFrame":{"__uuid__":"0cQLWPMLZGJqblDXYBnbBb"}}],"_contentSize":{"__type__":"cc.Size","width":85,"height":84},"_position":{"__type__":"cc.Vec2","x":11,"y":78}},{"__type__":"cc.Node","_name":"New Label","_parent":{"__id__":114},"_components":[{"__id__":117}],"_contentSize":{"__type__":"cc.Size","width":116,"height":54},"_position":{"__type__":"cc.Vec2","x":10,"y":-17}},{"__type__":"cc.Label","node":{"__id__":116},"_useOriginalSize":false,"_actualFontSize":54,"_fontSize":54,"_lineHeight":54,"_N$file":{"__uuid__":"be5HwpjtFBrqy2p63h/H9/"},"_isSystemFontUsed":false,"_N$string":"+50","_N$horizontalAlign":1,"_N$verticalAlign":1},{"__type__":"cc.Node","_name":"buttonok","_parent":{"__id__":113},"_children":[{"__id__":119}],"_components":[{"__type__":"cc.Sprite","node":{"__id__":118},"_spriteFrame":{"__uuid__":"71qod2r9hFV74Oz4d3zEl2"}},{"__type__":"cc.Button","node":{"__id__":118},"transition":2,"clickEvents":[{"__type__":"cc.ClickEvent","target":{"__id__":109},"component":"LoginRewardView","handler":"onClickOK"}],"_N$normalSprite":{"__uuid__":"71qod2r9hFV74Oz4d3zEl2"},"_N$pressedSprite":{"__uuid__":"91HX1zE0VCPZcAfIrgEJ2J"},"pressedSprite":{"__uuid__":"91HX1zE0VCPZcAfIrgEJ2J"},"_N$hoverSprite":{"__uuid__":"71qod2r9hFV74Oz4d3zEl2"},"hoverSprite":{"__uuid__":"71qod2r9hFV74Oz4d3zEl2"},"_N$disabledSprite":{"__uuid__":"71qod2r9hFV74Oz4d3zEl2"},"_N$target":{"__id__":118}}],"_contentSize":{"__type__":"cc.Size","width":194,"height":72},"_position":{"__type__":"cc.Vec2","y":-181}},{"__type__":"cc.Node","_name":"word_ok_en","_parent":{"__id__":118},"_components":[{"__type__":"cc.Sprite","node":{"__id__":119},"_spriteFrame":{"__uuid__":"aaCOs9MCdFNK3HzqdsbnqN"}}],"_contentSize":{"__type__":"cc.Size","width":64,"height":35},"_position":{"__type__":"cc.Vec2","y":5.1}},{"__type__":"cc.Node","_name":"buttonvideo","_parent":{"__id__":113},"_children":[{"__id__":121},{"__id__":122}],"_components":[{"__type__":"cc.Sprite","node":{"__id__":120},"_spriteFrame":{"__uuid__":"72/iE4NvFAT5y2rMarbnjI"}},{"__type__":"cc.Button","node":{"__id__":120},"transition":2,"clickEvents":[{"__type__":"cc.ClickEvent","target":{"__id__":109},"component":"LoginRewardView","handler":"onClickDouble"}],"_N$normalSprite":{"__uuid__":"72/iE4NvFAT5y2rMarbnjI"},"_N$pressedSprite":{"__uuid__":"a1hnrjmWhDY7O2qyoot/lk"},"pressedSprite":{"__uuid__":"a1hnrjmWhDY7O2qyoot/lk"},"_N$hoverSprite":{"__uuid__":"72/iE4NvFAT5y2rMarbnjI"},"hoverSprite":{"__uuid__":"72/iE4NvFAT5y2rMarbnjI"},"_N$disabledSprite":{"__uuid__":"72/iE4NvFAT5y2rMarbnjI"},"_N$target":{"__id__":120}}],"_contentSize":{"__type__":"cc.Size","width":234,"height":77},"_position":{"__type__":"cc.Vec2","y":-298}},{"__type__":"cc.Node","_name":"video","_parent":{"__id__":120},"_components":[{"__type__":"cc.Sprite","node":{"__id__":121},"_spriteFrame":{"__uuid__":"29olTQ9ylEF5F1gdY7Iv5T"}}],"_contentSize":{"__type__":"cc.Size","width":57,"height":48},"_position":{"__type__":"cc.Vec2","x":-69.9,"y":4.5}},{"__type__":"cc.Node","_name":"videox2","_parent":{"__id__":120},"_components":[{"__type__":"cc.Sprite","node":{"__id__":122},"_spriteFrame":{"__uuid__":"d9fGKWd81Ly6CBRxEZjf8a"}}],"_contentSize":{"__type__":"cc.Size","width":98,"height":37},"_position":{"__type__":"cc.Vec2","x":41.1,"y":5.4}}]