{"__type__":"cc.BitmapFont","_name":"game_coin","spriteFrame":{"__uuid__":"accSsTVCFKV74ZqeaIkzT9"},"fontSize":24,"_fntConfig":{"commonHeight":24,"fontSize":24,"atlasName":"game_coin_0.png","fontDefDictionary":{"48":{"rect":{"x":0,"y":0,"width":18,"height":24},"xOffset":0,"yOffset":0,"xAdvance":18},"49":{"rect":{"x":19,"y":0,"width":18,"height":24},"xOffset":0,"yOffset":0,"xAdvance":18},"50":{"rect":{"x":38,"y":0,"width":18,"height":24},"xOffset":0,"yOffset":0,"xAdvance":18},"51":{"rect":{"x":57,"y":0,"width":18,"height":24},"xOffset":0,"yOffset":0,"xAdvance":18},"52":{"rect":{"x":76,"y":0,"width":18,"height":24},"xOffset":0,"yOffset":0,"xAdvance":18},"53":{"rect":{"x":95,"y":0,"width":18,"height":24},"xOffset":0,"yOffset":0,"xAdvance":18},"54":{"rect":{"x":114,"y":0,"width":18,"height":24},"xOffset":0,"yOffset":0,"xAdvance":18},"55":{"rect":{"x":133,"y":0,"width":18,"height":24},"xOffset":0,"yOffset":0,"xAdvance":18},"56":{"rect":{"x":152,"y":0,"width":18,"height":24},"xOffset":0,"yOffset":0,"xAdvance":18},"57":{"rect":{"x":171,"y":0,"width":18,"height":24},"xOffset":0,"yOffset":0,"xAdvance":18}},"kerningDict":{}}}