{"__type__":"cc.BitmapFont","_name":"end_coin","spriteFrame":{"__uuid__":"647iaC5s1H84tgaV1YYV3n"},"fontSize":71,"_fntConfig":{"commonHeight":71,"fontSize":71,"atlasName":"end_coin_0.png","fontDefDictionary":{"43":{"rect":{"x":0,"y":0,"width":51,"height":71},"xOffset":0,"yOffset":0,"xAdvance":51},"48":{"rect":{"x":52,"y":0,"width":51,"height":71},"xOffset":0,"yOffset":0,"xAdvance":51},"49":{"rect":{"x":104,"y":0,"width":51,"height":71},"xOffset":0,"yOffset":0,"xAdvance":51},"50":{"rect":{"x":156,"y":0,"width":51,"height":71},"xOffset":0,"yOffset":0,"xAdvance":51},"51":{"rect":{"x":208,"y":0,"width":51,"height":71},"xOffset":0,"yOffset":0,"xAdvance":51},"52":{"rect":{"x":260,"y":0,"width":51,"height":71},"xOffset":0,"yOffset":0,"xAdvance":51},"53":{"rect":{"x":312,"y":0,"width":51,"height":71},"xOffset":0,"yOffset":0,"xAdvance":51},"54":{"rect":{"x":364,"y":0,"width":51,"height":71},"xOffset":0,"yOffset":0,"xAdvance":51},"55":{"rect":{"x":416,"y":0,"width":51,"height":71},"xOffset":0,"yOffset":0,"xAdvance":51},"56":{"rect":{"x":468,"y":0,"width":51,"height":71},"xOffset":0,"yOffset":0,"xAdvance":51},"57":{"rect":{"x":520,"y":0,"width":51,"height":71},"xOffset":0,"yOffset":0,"xAdvance":51}},"kerningDict":{}}}