{"__type__":"cc.BitmapFont","_name":"challenge_time","spriteFrame":{"__uuid__":"3f9gPXzABHWqVT9Wl/VTM7"},"fontSize":60,"_fntConfig":{"commonHeight":60,"fontSize":60,"atlasName":"challenge_time_0.png","fontDefDictionary":{"48":{"rect":{"x":0,"y":0,"width":40,"height":60},"xOffset":0,"yOffset":0,"xAdvance":40},"49":{"rect":{"x":41,"y":0,"width":40,"height":60},"xOffset":0,"yOffset":0,"xAdvance":40},"50":{"rect":{"x":82,"y":0,"width":40,"height":60},"xOffset":0,"yOffset":0,"xAdvance":40},"51":{"rect":{"x":123,"y":0,"width":40,"height":60},"xOffset":0,"yOffset":0,"xAdvance":40},"52":{"rect":{"x":164,"y":0,"width":40,"height":60},"xOffset":0,"yOffset":0,"xAdvance":40},"53":{"rect":{"x":205,"y":0,"width":40,"height":60},"xOffset":0,"yOffset":0,"xAdvance":40},"54":{"rect":{"x":246,"y":0,"width":40,"height":60},"xOffset":0,"yOffset":0,"xAdvance":40},"55":{"rect":{"x":287,"y":0,"width":40,"height":60},"xOffset":0,"yOffset":0,"xAdvance":40},"56":{"rect":{"x":328,"y":0,"width":40,"height":60},"xOffset":0,"yOffset":0,"xAdvance":40},"57":{"rect":{"x":369,"y":0,"width":40,"height":60},"xOffset":0,"yOffset":0,"xAdvance":40},"115":{"rect":{"x":410,"y":0,"width":40,"height":60},"xOffset":0,"yOffset":0,"xAdvance":40}},"kerningDict":{}}}