{"__type__":"cc.BitmapFont","_name":"challenge_reward","spriteFrame":{"__uuid__":"943e6sAjhJGqXyDdsStVGV"},"fontSize":34,"_fntConfig":{"commonHeight":32,"fontSize":34,"atlasName":"challenge_reward_0.png","fontDefDictionary":{"43":{"rect":{"x":270,"y":0,"width":20,"height":34},"xOffset":0,"yOffset":0,"xAdvance":20},"48":{"rect":{"x":0,"y":0,"width":26,"height":34},"xOffset":0,"yOffset":0,"xAdvance":26},"49":{"rect":{"x":27,"y":0,"width":26,"height":34},"xOffset":0,"yOffset":0,"xAdvance":26},"50":{"rect":{"x":54,"y":0,"width":26,"height":34},"xOffset":0,"yOffset":0,"xAdvance":26},"51":{"rect":{"x":81,"y":0,"width":26,"height":34},"xOffset":0,"yOffset":0,"xAdvance":26},"52":{"rect":{"x":108,"y":0,"width":26,"height":34},"xOffset":0,"yOffset":0,"xAdvance":26},"53":{"rect":{"x":135,"y":0,"width":26,"height":34},"xOffset":0,"yOffset":0,"xAdvance":26},"54":{"rect":{"x":162,"y":0,"width":26,"height":34},"xOffset":0,"yOffset":0,"xAdvance":26},"55":{"rect":{"x":189,"y":0,"width":26,"height":34},"xOffset":0,"yOffset":0,"xAdvance":26},"56":{"rect":{"x":216,"y":0,"width":26,"height":34},"xOffset":0,"yOffset":0,"xAdvance":26},"57":{"rect":{"x":243,"y":0,"width":26,"height":34},"xOffset":0,"yOffset":0,"xAdvance":26}},"kerningDict":{}}}