{"__type__":"cc.BitmapFont","_name":"game_time","spriteFrame":{"__uuid__":"38pMLAqN9BSJ+gRsJNnCdr"},"fontSize":54,"_fntConfig":{"commonHeight":52,"fontSize":54,"atlasName":"game_time_0.png","fontDefDictionary":{"48":{"rect":{"x":0,"y":0,"width":40,"height":54},"xOffset":0,"yOffset":0,"xAdvance":40},"49":{"rect":{"x":41,"y":0,"width":40,"height":54},"xOffset":0,"yOffset":0,"xAdvance":40},"50":{"rect":{"x":82,"y":0,"width":40,"height":54},"xOffset":0,"yOffset":0,"xAdvance":40},"51":{"rect":{"x":123,"y":0,"width":40,"height":54},"xOffset":0,"yOffset":0,"xAdvance":40},"52":{"rect":{"x":164,"y":0,"width":40,"height":54},"xOffset":0,"yOffset":0,"xAdvance":40},"53":{"rect":{"x":205,"y":0,"width":40,"height":54},"xOffset":0,"yOffset":0,"xAdvance":40},"54":{"rect":{"x":246,"y":0,"width":40,"height":54},"xOffset":0,"yOffset":0,"xAdvance":40},"55":{"rect":{"x":287,"y":0,"width":40,"height":54},"xOffset":0,"yOffset":0,"xAdvance":40},"56":{"rect":{"x":328,"y":0,"width":40,"height":54},"xOffset":0,"yOffset":0,"xAdvance":40},"57":{"rect":{"x":369,"y":0,"width":40,"height":54},"xOffset":0,"yOffset":0,"xAdvance":40},"58":{"rect":{"x":410,"y":0,"width":13,"height":54},"xOffset":0,"yOffset":0,"xAdvance":13}},"kerningDict":{}}}