[{"__type__":"cc.Prefab","_name":"push","data":{"__id__":1},"asyncLoadAssets":null},{"__type__":"cc.Node","_name":"push","_children":[{"__id__":2},{"__id__":76}],"_components":[{"__type__":"cc.Widget","node":{"__id__":1},"_alignFlags":45,"_originalWidth":720,"_originalHeight":1280}],"_prefab":{"__type__":"cc.PrefabInfo","root":{"__id__":1},"asset":{"__uuid__":"d017VWP/9CgK1rgSjkN5Yu"},"fileId":"83Z83cN99NTrbefiPsObKk"},"_contentSize":{"__type__":"cc.Size","width":720,"height":1280}},{"__type__":"cc.Node","_name":"PushHorizontal","_parent":{"__id__":1},"_children":[{"__id__":3},{"__id__":6},{"__id__":41},{"__id__":64},{"__id__":65},{"__id__":66}],"_active":false,"_components":[{"__type__":"cc.Sprite","node":{"__id__":2},"_sizeMode":0,"_isTrimmedMode":false},{"__type__":"cc.Widget","node":{"__id__":2},"_alignFlags":45,"_originalWidth":960},{"__type__":"cc.Button","node":{"__id__":2},"_N$target":{"__id__":2}}],"_prefab":{"__type__":"cc.PrefabInfo","root":{"__id__":1},"asset":{"__uuid__":"d017VWP/9CgK1rgSjkN5Yu"},"fileId":"1ev1VOFTFH373jd6lmnii/"},"_anchorPoint":{"__type__":"cc.Vec2","x":0.5,"y":1},"_contentSize":{"__type__":"cc.Size","width":720,"height":1280},"_position":{"__type__":"cc.Vec2","y":640}},{"__type__":"cc.Node","_name":"标题","_parent":{"__id__":2},"_children":[{"__id__":4}],"_components":[{"__type__":"cc.Widget","node":{"__id__":3},"_alignFlags":41},{"__type__":"cc.Sprite","node":{"__id__":3},"_spriteFrame":{"__uuid__":"8cfD1nz7tJIbM+DR5+xaGu"},"_sizeMode":0}],"_prefab":{"__type__":"cc.PrefabInfo","root":{"__id__":1},"asset":{"__uuid__":"d017VWP/9CgK1rgSjkN5Yu"},"fileId":"278aWbvM5LbILhDBfGHCv/"},"_anchorPoint":{"__type__":"cc.Vec2","x":0.5,"y":1},"_contentSize":{"__type__":"cc.Size","width":720,"height":32}},{"__type__":"cc.Node","_name":"Label","_parent":{"__id__":3},"_components":[{"__id__":5},{"__type__":"cc.Widget","node":{"__id__":4},"_alignFlags":2}],"_prefab":{"__type__":"cc.PrefabInfo","root":{"__id__":1},"asset":{"__uuid__":"d017VWP/9CgK1rgSjkN5Yu"},"fileId":"e54ZoTayNBfbhpuSBuWaCG"},"_contentSize":{"__type__":"cc.Size","width":126.73,"height":20},"_position":{"__type__":"cc.Vec2","y":-16}},{"__type__":"cc.Label","node":{"__id__":4},"_useOriginalSize":false,"_actualFontSize":20,"_fontSize":20,"_lineHeight":20,"_N$string":"2Baby Games","_N$horizontalAlign":1,"_N$verticalAlign":1},{"__type__":"cc.Node","_name":"推广列表","_parent":{"__id__":2},"_children":[{"__id__":7},{"__id__":36}],"_components":[{"__type__":"cc.Sprite","node":{"__id__":6},"_type":1,"_sizeMode":0},{"__id__":40},{"__type__":"cc.Widget","node":{"__id__":6},"_alignFlags":45,"_top":32.00000000000003,"_originalWidth":240,"_originalHeight":400}],"_prefab":{"__type__":"cc.PrefabInfo","root":{"__id__":1},"asset":{"__uuid__":"d017VWP/9CgK1rgSjkN5Yu"},"fileId":"9as8ESqpJAfKGdSxsC9fSn"},"_color":{"__type__":"cc.Color","r":184,"g":184,"b":184},"_anchorPoint":{"__type__":"cc.Vec2","x":0.5,"y":1},"_contentSize":{"__type__":"cc.Size","width":720,"height":1248},"_position":{"__type__":"cc.Vec2","y":-32}},{"__type__":"cc.Node","_name":"view","_parent":{"__id__":6},"_children":[{"__id__":8}],"_components":[{"__type__":"cc.Mask","node":{"__id__":7}},{"__type__":"cc.Widget","node":{"__id__":7},"_alignFlags":45,"_originalWidth":240,"_originalHeight":250}],"_prefab":{"__type__":"cc.PrefabInfo","root":{"__id__":1},"asset":{"__uuid__":"d017VWP/9CgK1rgSjkN5Yu"},"fileId":"aejREQ0h1JvoxmeIdbiWVT"},"_anchorPoint":{"__type__":"cc.Vec2","x":0.5,"y":1},"_contentSize":{"__type__":"cc.Size","width":720,"height":1248}},{"__type__":"cc.Node","_name":"Layout","_parent":{"__id__":7},"_children":[{"__id__":9},{"__id__":26}],"_components":[{"__type__":"cc.Sprite","node":{"__id__":8},"_type":1,"_sizeMode":0},{"__id__":35},{"__type__":"cc.Widget","node":{"__id__":8},"_alignFlags":41,"_originalWidth":960}],"_prefab":{"__type__":"cc.PrefabInfo","root":{"__id__":1},"asset":{"__uuid__":"d017VWP/9CgK1rgSjkN5Yu"},"fileId":"6e+uaPthRDGrLCRWdiZ1NQ"},"_color":{"__type__":"cc.Color","r":167,"g":167,"b":167},"_anchorPoint":{"__type__":"cc.Vec2","x":0.5,"y":1},"_contentSize":{"__type__":"cc.Size","width":720,"height":213}},{"__type__":"cc.Node","_name":"bigView1","_parent":{"__id__":8},"_children":[{"__id__":10},{"__id__":11}],"_components":[{"__type__":"cc.Widget","node":{"__id__":9},"_alignFlags":40}],"_prefab":{"__type__":"cc.PrefabInfo","root":{"__id__":1},"asset":{"__uuid__":"d017VWP/9CgK1rgSjkN5Yu"},"fileId":"beVqaMVJ1FxoOixdEx+11+"},"_anchorPoint":{"__type__":"cc.Vec2","x":0.5,"y":1},"_contentSize":{"__type__":"cc.Size","width":720,"height":106.5}},{"__type__":"cc.Node","_name":"colorBackground","_parent":{"__id__":9},"_components":[{"__type__":"cc.Sprite","node":{"__id__":10},"_spriteFrame":{"__uuid__":"8cfD1nz7tJIbM+DR5+xaGu"},"_sizeMode":2,"_isTrimmedMode":false}],"_prefab":{"__type__":"cc.PrefabInfo","root":{"__id__":1},"asset":{"__uuid__":"d017VWP/9CgK1rgSjkN5Yu"},"fileId":"a8EbVvD1BBGp7svo9gtXFE"},"_anchorPoint":{"__type__":"cc.Vec2","x":0.5,"y":1},"_contentSize":{"__type__":"cc.Size","width":960,"height":32},"_position":{"__type__":"cc.Vec2","y":-213}},{"__type__":"cc.Node","_name":"推广大图","_parent":{"__id__":9},"_children":[{"__id__":12},{"__id__":18}],"_components":[{"__type__":"cc.Sprite","node":{"__id__":11},"_type":1,"_sizeMode":0},{"__id__":16},{"__type__":"cc.Widget","node":{"__id__":11},"_alignFlags":40,"_originalWidth":1446}],"_prefab":{"__type__":"cc.PrefabInfo","root":{"__id__":1},"asset":{"__uuid__":"d017VWP/9CgK1rgSjkN5Yu"},"fileId":"34il+46vpC1J36idZNGLio"},"_color":{"__type__":"cc.Color","r":184,"g":184,"b":184},"_anchorPoint":{"__type__":"cc.Vec2","x":0.5,"y":1},"_contentSize":{"__type__":"cc.Size","width":720,"height":213}},{"__type__":"cc.Node","_name":"scrollBar","_parent":{"__id__":11},"_children":[{"__id__":13}],"_active":false,"_components":[{"__id__":15},{"__type__":"cc.Widget","node":{"__id__":12},"_alignFlags":37,"_left":350.07654921020657,"_originalHeight":237},{"__type__":"cc.Sprite","node":{"__id__":12},"_type":1,"_sizeMode":0}],"_prefab":{"__type__":"cc.PrefabInfo","root":{"__id__":1},"asset":{"__uuid__":"d017VWP/9CgK1rgSjkN5Yu"},"fileId":"e8Zre0l3JF+INWSwe/mYXh"},"_color":{"__type__":"cc.Color","r":238,"g":217,"b":227},"_anchorPoint":{"__type__":"cc.Vec2","x":1,"y":0.5},"_contentSize":{"__type__":"cc.Size","width":12,"height":228},"_position":{"__type__":"cc.Vec2","x":480,"y":-114}},{"__type__":"cc.Node","_name":"bar","_parent":{"__id__":12},"_components":[{"__id__":14}],"_prefab":{"__type__":"cc.PrefabInfo","root":{"__id__":1},"asset":{"__uuid__":"d017VWP/9CgK1rgSjkN5Yu"},"fileId":"02t07r7M1J9qCuKYS6uzqZ"},"_color":{"__type__":"cc.Color","r":236,"g":241,"b":245},"_anchorPoint":{"__type__":"cc.Vec2","x":1},"_contentSize":{"__type__":"cc.Size","width":10,"height":30},"_position":{"__type__":"cc.Vec2","x":-1}},{"__type__":"cc.Sprite","node":{"__id__":13},"_type":1,"_sizeMode":0},{"__type__":"cc.Scrollbar","node":{"__id__":12},"_scrollView":{"__id__":16},"_N$handle":{"__id__":14},"_N$direction":1},{"__type__":"cc.ScrollView","node":{"__id__":11},"content":{"__id__":17},"vertical":false,"elastic":false,"bounceDuration":0.23,"_N$horizontalScrollBar":null,"_N$verticalScrollBar":{"__id__":15}},{"__type__":"cc.Node","_name":"content","_parent":{"__id__":18},"_children":[{"__id__":19},{"__id__":20},{"__id__":21},{"__id__":22},{"__id__":23},{"__id__":24},{"__id__":25}],"_components":[{"__type__":"cc.Layout","node":{"__id__":17},"_layoutSize":{"__type__":"cc.Size","width":3374,"height":215},"_resize":1,"_N$layoutType":1}],"_prefab":{"__type__":"cc.PrefabInfo","root":{"__id__":1},"asset":{"__uuid__":"d017VWP/9CgK1rgSjkN5Yu"},"fileId":"b35UH90jtI7LmRD6QXlVFQ"},"_anchorPoint":{"__type__":"cc.Vec2","x":0.5,"y":1},"_contentSize":{"__type__":"cc.Size","width":3374,"height":215}},{"__type__":"cc.Node","_name":"view","_parent":{"__id__":11},"_children":[{"__id__":17}],"_components":[{"__type__":"cc.Mask","node":{"__id__":18}}],"_prefab":{"__type__":"cc.PrefabInfo","root":{"__id__":1},"asset":{"__uuid__":"d017VWP/9CgK1rgSjkN5Yu"},"fileId":"42HRc3C0lJ+KHF7khbBTc9"},"_anchorPoint":{"__type__":"cc.Vec2","x":0.5,"y":1},"_contentSize":{"__type__":"cc.Size","width":960,"height":215}},{"__type__":"cc.Node","_name":"xuanchuantu","_parent":{"__id__":17},"_components":[{"__type__":"cc.Sprite","node":{"__id__":19},"_spriteFrame":{"__uuid__":"f0O/x96FRLX5VPD5st2F8l"},"_sizeMode":0,"_isTrimmedMode":false}],"_prefab":{"__type__":"cc.PrefabInfo","root":{"__id__":1},"asset":{"__uuid__":"d017VWP/9CgK1rgSjkN5Yu"},"fileId":"c3gq/FwhxKjaz9HlDbnRwv"},"_contentSize":{"__type__":"cc.Size","width":482,"height":215},"_position":{"__type__":"cc.Vec2","x":-1446,"y":-108.01}},{"__type__":"cc.Node","_name":"xuanchuantu","_parent":{"__id__":17},"_components":[{"__type__":"cc.Sprite","node":{"__id__":20},"_spriteFrame":{"__uuid__":"f0O/x96FRLX5VPD5st2F8l"},"_sizeMode":0,"_isTrimmedMode":false}],"_prefab":{"__type__":"cc.PrefabInfo","root":{"__id__":1},"asset":{"__uuid__":"d017VWP/9CgK1rgSjkN5Yu"},"fileId":"d8sbY9kgFOgLZ9cP74rrGt"},"_contentSize":{"__type__":"cc.Size","width":482,"height":215},"_position":{"__type__":"cc.Vec2","x":-964,"y":-108.01}},{"__type__":"cc.Node","_name":"xuanchuantu","_parent":{"__id__":17},"_components":[{"__type__":"cc.Sprite","node":{"__id__":21},"_spriteFrame":{"__uuid__":"f0O/x96FRLX5VPD5st2F8l"},"_sizeMode":0,"_isTrimmedMode":false}],"_prefab":{"__type__":"cc.PrefabInfo","root":{"__id__":1},"asset":{"__uuid__":"d017VWP/9CgK1rgSjkN5Yu"},"fileId":"57vH8r0wFAHZcZ0gVeip28"},"_contentSize":{"__type__":"cc.Size","width":482,"height":215},"_position":{"__type__":"cc.Vec2","x":-482,"y":-108.01}},{"__type__":"cc.Node","_name":"xuanchuantu","_parent":{"__id__":17},"_components":[{"__type__":"cc.Sprite","node":{"__id__":22},"_spriteFrame":{"__uuid__":"f0O/x96FRLX5VPD5st2F8l"},"_sizeMode":0,"_isTrimmedMode":false}],"_prefab":{"__type__":"cc.PrefabInfo","root":{"__id__":1},"asset":{"__uuid__":"d017VWP/9CgK1rgSjkN5Yu"},"fileId":"21lQFZ8yRBYI3g1lK/hGqG"},"_contentSize":{"__type__":"cc.Size","width":482,"height":215},"_position":{"__type__":"cc.Vec2","y":-108.01}},{"__type__":"cc.Node","_name":"xuanchuantu","_parent":{"__id__":17},"_components":[{"__type__":"cc.Sprite","node":{"__id__":23},"_spriteFrame":{"__uuid__":"f0O/x96FRLX5VPD5st2F8l"},"_sizeMode":0,"_isTrimmedMode":false}],"_prefab":{"__type__":"cc.PrefabInfo","root":{"__id__":1},"asset":{"__uuid__":"d017VWP/9CgK1rgSjkN5Yu"},"fileId":"3d8rOVJf5FKqrWq35XWYdT"},"_contentSize":{"__type__":"cc.Size","width":482,"height":215},"_position":{"__type__":"cc.Vec2","x":482,"y":-108.01}},{"__type__":"cc.Node","_name":"xuanchuantu","_parent":{"__id__":17},"_components":[{"__type__":"cc.Sprite","node":{"__id__":24},"_spriteFrame":{"__uuid__":"f0O/x96FRLX5VPD5st2F8l"},"_sizeMode":0,"_isTrimmedMode":false}],"_prefab":{"__type__":"cc.PrefabInfo","root":{"__id__":1},"asset":{"__uuid__":"d017VWP/9CgK1rgSjkN5Yu"},"fileId":"dafSlumzNCPYjViCvKfn9H"},"_contentSize":{"__type__":"cc.Size","width":482,"height":215},"_position":{"__type__":"cc.Vec2","x":964,"y":-108.01}},{"__type__":"cc.Node","_name":"xuanchuantu","_parent":{"__id__":17},"_components":[{"__type__":"cc.Sprite","node":{"__id__":25},"_spriteFrame":{"__uuid__":"f0O/x96FRLX5VPD5st2F8l"},"_sizeMode":0,"_isTrimmedMode":false}],"_prefab":{"__type__":"cc.PrefabInfo","root":{"__id__":1},"asset":{"__uuid__":"d017VWP/9CgK1rgSjkN5Yu"},"fileId":"d0jGHmdc5AMbyisfv8i0Gu"},"_contentSize":{"__type__":"cc.Size","width":482,"height":215},"_position":{"__type__":"cc.Vec2","x":1446,"y":-108.01}},{"__type__":"cc.Node","_name":"bigView2","_parent":{"__id__":8},"_children":[{"__id__":27},{"__id__":28},{"__id__":29},{"__id__":30},{"__id__":31},{"__id__":32},{"__id__":33},{"__id__":34}],"_components":[{"__type__":"ae3eepTvYVMH7pPVPQ2k3Rj","node":{"__id__":26},"scrollView":{"__id__":16},"pointRemovableNode":{"__id__":34},"pointNodes":[{"__id__":27},{"__id__":28},{"__id__":29},{"__id__":30},{"__id__":31},{"__id__":32},{"__id__":33}]}],"_prefab":{"__type__":"cc.PrefabInfo","root":{"__id__":1},"asset":{"__uuid__":"d017VWP/9CgK1rgSjkN5Yu"},"fileId":"42l14FsEBPuaJjHMpUsw9a"},"_anchorPoint":{"__type__":"cc.Vec2","x":0.5},"_contentSize":{"__type__":"cc.Size","height":106.5},"_position":{"__type__":"cc.Vec2","y":-213}},{"__type__":"cc.Node","_name":"point0","_parent":{"__id__":26},"_components":[{"__type__":"cc.Sprite","node":{"__id__":27},"_spriteFrame":{"__uuid__":"6f7UiWoMNHloJq6oxjT8lh"}}],"_prefab":{"__type__":"cc.PrefabInfo","root":{"__id__":1},"asset":{"__uuid__":"d017VWP/9CgK1rgSjkN5Yu"},"fileId":"9a5NavAkFCkosFKV/vPVod"},"_contentSize":{"__type__":"cc.Size","width":12,"height":12},"_position":{"__type__":"cc.Vec2","x":-90,"y":25}},{"__type__":"cc.Node","_name":"point1","_parent":{"__id__":26},"_components":[{"__type__":"cc.Sprite","node":{"__id__":28},"_spriteFrame":{"__uuid__":"6f7UiWoMNHloJq6oxjT8lh"}}],"_prefab":{"__type__":"cc.PrefabInfo","root":{"__id__":1},"asset":{"__uuid__":"d017VWP/9CgK1rgSjkN5Yu"},"fileId":"ffxYdeRp9CIYw3ot4d3Q7s"},"_contentSize":{"__type__":"cc.Size","width":12,"height":12},"_position":{"__type__":"cc.Vec2","x":-60,"y":25}},{"__type__":"cc.Node","_name":"point2","_parent":{"__id__":26},"_components":[{"__type__":"cc.Sprite","node":{"__id__":29},"_spriteFrame":{"__uuid__":"6f7UiWoMNHloJq6oxjT8lh"}}],"_prefab":{"__type__":"cc.PrefabInfo","root":{"__id__":1},"asset":{"__uuid__":"d017VWP/9CgK1rgSjkN5Yu"},"fileId":"38zvcPjzBBZZTtocrfdFu+"},"_contentSize":{"__type__":"cc.Size","width":12,"height":12},"_position":{"__type__":"cc.Vec2","x":-30,"y":25}},{"__type__":"cc.Node","_name":"point3","_parent":{"__id__":26},"_components":[{"__type__":"cc.Sprite","node":{"__id__":30},"_spriteFrame":{"__uuid__":"6f7UiWoMNHloJq6oxjT8lh"}}],"_prefab":{"__type__":"cc.PrefabInfo","root":{"__id__":1},"asset":{"__uuid__":"d017VWP/9CgK1rgSjkN5Yu"},"fileId":"12mm74pM1I071v+jDDPyrr"},"_contentSize":{"__type__":"cc.Size","width":12,"height":12},"_position":{"__type__":"cc.Vec2","y":25}},{"__type__":"cc.Node","_name":"point4","_parent":{"__id__":26},"_components":[{"__type__":"cc.Sprite","node":{"__id__":31},"_spriteFrame":{"__uuid__":"6f7UiWoMNHloJq6oxjT8lh"}}],"_prefab":{"__type__":"cc.PrefabInfo","root":{"__id__":1},"asset":{"__uuid__":"d017VWP/9CgK1rgSjkN5Yu"},"fileId":"0eVOnPzZFNEYZv8ekl55gg"},"_contentSize":{"__type__":"cc.Size","width":12,"height":12},"_position":{"__type__":"cc.Vec2","x":30,"y":25}},{"__type__":"cc.Node","_name":"point5","_parent":{"__id__":26},"_components":[{"__type__":"cc.Sprite","node":{"__id__":32},"_spriteFrame":{"__uuid__":"6f7UiWoMNHloJq6oxjT8lh"}}],"_prefab":{"__type__":"cc.PrefabInfo","root":{"__id__":1},"asset":{"__uuid__":"d017VWP/9CgK1rgSjkN5Yu"},"fileId":"3c7lOI7x5Bo71vJe1odqyO"},"_contentSize":{"__type__":"cc.Size","width":12,"height":12},"_position":{"__type__":"cc.Vec2","x":60,"y":25}},{"__type__":"cc.Node","_name":"point6","_parent":{"__id__":26},"_components":[{"__type__":"cc.Sprite","node":{"__id__":33},"_spriteFrame":{"__uuid__":"6f7UiWoMNHloJq6oxjT8lh"}}],"_prefab":{"__type__":"cc.PrefabInfo","root":{"__id__":1},"asset":{"__uuid__":"d017VWP/9CgK1rgSjkN5Yu"},"fileId":"f9WN/CmdpEw5MMWmh0OPWS"},"_contentSize":{"__type__":"cc.Size","width":12,"height":12},"_position":{"__type__":"cc.Vec2","x":90,"y":25}},{"__type__":"cc.Node","_name":"point","_parent":{"__id__":26},"_components":[{"__type__":"cc.Sprite","node":{"__id__":34},"_spriteFrame":{"__uuid__":"6f7UiWoMNHloJq6oxjT8lh"}}],"_prefab":{"__type__":"cc.PrefabInfo","root":{"__id__":1},"asset":{"__uuid__":"d017VWP/9CgK1rgSjkN5Yu"},"fileId":"ddDxo4qcROsLtuk3r+Gf/E"},"_color":{"__type__":"cc.Color","r":146,"g":146,"b":146},"_contentSize":{"__type__":"cc.Size","width":12,"height":12},"_position":{"__type__":"cc.Vec2","y":25}},{"__type__":"cc.Layout","node":{"__id__":8},"_layoutSize":{"__type__":"cc.Size","width":720,"height":213},"_resize":2,"_N$layoutType":2},{"__type__":"cc.Node","_name":"scrollBar","_parent":{"__id__":6},"_children":[{"__id__":37}],"_components":[{"__id__":39},{"__type__":"cc.Widget","node":{"__id__":36},"_alignFlags":37,"_left":350.07654921020657,"_originalHeight":237},{"__type__":"cc.Sprite","node":{"__id__":36},"_spriteFrame":{"__uuid__":"94qcr+wlNJa6rD1xhvmFQ2"},"_type":1,"_sizeMode":0}],"_prefab":{"__type__":"cc.PrefabInfo","root":{"__id__":1},"asset":{"__uuid__":"d017VWP/9CgK1rgSjkN5Yu"},"fileId":"c9J79aAr5BkrXSp47zPfgX"},"_color":{"__type__":"cc.Color","r":238,"g":217,"b":227},"_anchorPoint":{"__type__":"cc.Vec2","x":1,"y":0.5},"_contentSize":{"__type__":"cc.Size","width":12,"height":1248},"_position":{"__type__":"cc.Vec2","x":360,"y":-624}},{"__type__":"cc.Node","_name":"bar","_parent":{"__id__":36},"_components":[{"__id__":38}],"_prefab":{"__type__":"cc.PrefabInfo","root":{"__id__":1},"asset":{"__uuid__":"d017VWP/9CgK1rgSjkN5Yu"},"fileId":"fe2V4W/e9Nd7pdEgnPM8Y2"},"_color":{"__type__":"cc.Color","r":236,"g":241,"b":245},"_anchorPoint":{"__type__":"cc.Vec2","x":1},"_contentSize":{"__type__":"cc.Size","width":10,"height":30},"_position":{"__type__":"cc.Vec2","x":-1}},{"__type__":"cc.Sprite","node":{"__id__":37},"_spriteFrame":{"__uuid__":"b2awR/5fRNv4L8aANuGuS7"},"_type":1,"_sizeMode":0},{"__type__":"cc.Scrollbar","node":{"__id__":36},"_scrollView":{"__id__":40},"_N$handle":{"__id__":38},"_N$direction":1},{"__type__":"cc.ScrollView","node":{"__id__":6},"content":{"__id__":8},"horizontal":false,"brake":0.75,"elastic":false,"bounceDuration":0.23,"_N$horizontalScrollBar":null,"_N$verticalScrollBar":{"__id__":39}},{"__type__":"cc.Node","_name":"content-1","_parent":{"__id__":2},"_children":[{"__id__":42},{"__id__":53}],"_active":false,"_components":[{"__type__":"cc.Sprite","node":{"__id__":41},"_type":1,"_sizeMode":0},{"__type__":"cc.Layout","node":{"__id__":41},"_layoutSize":{"__type__":"cc.Size","width":720,"height":114},"_resize":2,"_N$layoutType":1,"_N$cellSize":{"__type__":"cc.Size","width":480,"height":144}},{"__type__":"cc.Widget","node":{"__id__":41},"_alignFlags":40,"_originalWidth":960}],"_prefab":{"__type__":"cc.PrefabInfo","root":{"__id__":1},"asset":{"__uuid__":"d017VWP/9CgK1rgSjkN5Yu"},"fileId":"3aFcKiNUBP6JV1Nnm872Nh"},"_color":{"__type__":"cc.Color","r":167,"g":167,"b":167},"_anchorPoint":{"__type__":"cc.Vec2","x":0.5,"y":1},"_contentSize":{"__type__":"cc.Size","width":720,"height":114},"_position":{"__type__":"cc.Vec2","y":-1428}},{"__type__":"cc.Node","_name":"item","_parent":{"__id__":41},"_children":[{"__id__":43},{"__id__":45},{"__type__":"cc.Node","_name":"文字扩展区域","_parent":{"__id__":42},"_prefab":{"__type__":"cc.PrefabInfo","root":{"__id__":1},"asset":{"__uuid__":"d017VWP/9CgK1rgSjkN5Yu"},"fileId":"cbybuwTaZGhoyhmMc9ZlFh"},"_contentSize":{"__type__":"cc.Size","width":87.5},"_position":{"__type__":"cc.Vec2","x":48.75}},{"__id__":50}],"_components":[{"__type__":"cc.Sprite","node":{"__id__":42},"_spriteFrame":{"__uuid__":"e13dGkMI9BbZppHlAyDxRm"},"_sizeMode":0,"_isTrimmedMode":false},{"__type__":"cc.Layout","node":{"__id__":42},"_layoutSize":{"__type__":"cc.Size","width":360,"height":114},"_resize":2,"_N$layoutType":1,"_N$paddingLeft":10},{"__type__":"2ebb1fOaWZN5a6DJN2rmUV6","node":{"__id__":42},"iconNode":{"__id__":44},"gameNameLabel":{"__id__":47},"gameDescribeLabel":{"__id__":49},"downloadNode":{"__id__":51}}],"_prefab":{"__type__":"cc.PrefabInfo","root":{"__id__":1},"asset":{"__uuid__":"d017VWP/9CgK1rgSjkN5Yu"},"fileId":"7d22L027tD1KQb6gpjCatk"},"_color":{"__type__":"cc.Color","r":253,"g":253,"b":253},"_contentSize":{"__type__":"cc.Size","width":360,"height":114},"_position":{"__type__":"cc.Vec2","x":-180,"y":-58}},{"__type__":"cc.Node","_name":"图标区域","_parent":{"__id__":42},"_children":[{"__id__":44}],"_prefab":{"__type__":"cc.PrefabInfo","root":{"__id__":1},"asset":{"__uuid__":"d017VWP/9CgK1rgSjkN5Yu"},"fileId":"dcM0t3tSxIoqV5dgjKXZRu"},"_contentSize":{"__type__":"cc.Size","width":87.5},"_position":{"__type__":"cc.Vec2","x":-126.25}},{"__type__":"cc.Node","_name":"icon","_parent":{"__id__":43},"_components":[{"__type__":"cc.Sprite","node":{"__id__":44},"_spriteFrame":{"__uuid__":"d4iyZOPmtMOrCBd9Xkanmj"},"_sizeMode":0,"_isTrimmedMode":false}],"_prefab":{"__type__":"cc.PrefabInfo","root":{"__id__":1},"asset":{"__uuid__":"d017VWP/9CgK1rgSjkN5Yu"},"fileId":"bc+XkT/zFPn5kdMYorzKPB"},"_contentSize":{"__type__":"cc.Size","width":96,"height":96}},{"__type__":"cc.Node","_name":"文字区域","_parent":{"__id__":42},"_children":[{"__id__":46},{"__id__":48}],"_prefab":{"__type__":"cc.PrefabInfo","root":{"__id__":1},"asset":{"__uuid__":"d017VWP/9CgK1rgSjkN5Yu"},"fileId":"539dTBB7ZAy6ArMtD5LwsC"},"_anchorPoint":{"__type__":"cc.Vec2","y":0.5},"_contentSize":{"__type__":"cc.Size","width":87.5},"_position":{"__type__":"cc.Vec2","x":-82.5}},{"__type__":"cc.Node","_name":"游戏名称","_parent":{"__id__":45},"_components":[{"__id__":47}],"_prefab":{"__type__":"cc.PrefabInfo","root":{"__id__":1},"asset":{"__uuid__":"d017VWP/9CgK1rgSjkN5Yu"},"fileId":"1d11RMvDhNpK5qZ/JfSC+G"},"_color":{"__type__":"cc.Color"},"_anchorPoint":{"__type__":"cc.Vec2","y":1},"_contentSize":{"__type__":"cc.Size","width":32,"height":16},"_position":{"__type__":"cc.Vec2","y":37.6}},{"__type__":"cc.Label","node":{"__id__":46},"_useOriginalSize":false,"_actualFontSize":16,"_fontSize":16,"_lineHeight":16,"_N$string":"动物"},{"__type__":"cc.Node","_name":"游戏简介","_parent":{"__id__":45},"_components":[{"__id__":49}],"_prefab":{"__type__":"cc.PrefabInfo","root":{"__id__":1},"asset":{"__uuid__":"d017VWP/9CgK1rgSjkN5Yu"},"fileId":"26UraBogFA54AcKkpyl6xd"},"_color":{"__type__":"cc.Color"},"_anchorPoint":{"__type__":"cc.Vec2","y":1},"_contentSize":{"__type__":"cc.Size","width":200,"height":50},"_position":{"__type__":"cc.Vec2","y":11.4}},{"__type__":"cc.Label","node":{"__id__":48},"_useOriginalSize":false,"_actualFontSize":12,"_fontSize":12,"_lineHeight":12,"_N$string":"只有按钮一直可见的死亡复活和存档机会可能会出现获取广告失败的情况。","_N$overflow":2},{"__type__":"cc.Node","_name":"按钮区域","_parent":{"__id__":42},"_children":[{"__id__":51}],"_prefab":{"__type__":"cc.PrefabInfo","root":{"__id__":1},"asset":{"__uuid__":"d017VWP/9CgK1rgSjkN5Yu"},"fileId":"c0Syn/XcRE5Lt0p5JYrWNt"},"_contentSize":{"__type__":"cc.Size","width":87.5},"_position":{"__type__":"cc.Vec2","x":136.25}},{"__type__":"cc.Node","_name":"aniu","_parent":{"__id__":50},"_children":[{"__id__":52}],"_components":[{"__type__":"cc.Sprite","node":{"__id__":51},"_spriteFrame":{"__uuid__":"0dQoemm9ZFeLMgqL4ar26C"},"_sizeMode":0,"_isTrimmedMode":false},{"__type__":"cc.Button","node":{"__id__":51},"transition":2,"clickEvents":[{"__type__":"cc.ClickEvent","target":{"__id__":42},"component":"PushLayoutItem","handler":"onClickDownload"}],"_N$normalSprite":{"__uuid__":"0dQoemm9ZFeLMgqL4ar26C"},"_N$pressedSprite":{"__uuid__":"f2QevKpVhN7poDdKJIyNQ5"},"pressedSprite":{"__uuid__":"f2QevKpVhN7poDdKJIyNQ5"},"_N$hoverSprite":{"__uuid__":"0dQoemm9ZFeLMgqL4ar26C"},"hoverSprite":{"__uuid__":"0dQoemm9ZFeLMgqL4ar26C"},"_N$disabledSprite":{"__uuid__":"0dQoemm9ZFeLMgqL4ar26C"},"_N$target":{"__id__":51}}],"_prefab":{"__type__":"cc.PrefabInfo","root":{"__id__":1},"asset":{"__uuid__":"d017VWP/9CgK1rgSjkN5Yu"},"fileId":"90VTPgpLxJPI9INbu2X5PC"},"_contentSize":{"__type__":"cc.Size","width":98,"height":48}},{"__type__":"cc.Node","_name":"下载","_parent":{"__id__":51},"_components":[{"__type__":"cc.Label","node":{"__id__":52},"_useOriginalSize":false,"_actualFontSize":16,"_fontSize":16,"_lineHeight":16,"_N$string":"GET","_N$horizontalAlign":1,"_N$verticalAlign":1,"_N$overflow":2}],"_prefab":{"__type__":"cc.PrefabInfo","root":{"__id__":1},"asset":{"__uuid__":"d017VWP/9CgK1rgSjkN5Yu"},"fileId":"22ATDxfiVKmYrRswQuicxG"},"_contentSize":{"__type__":"cc.Size","width":60,"height":20}},{"__type__":"cc.Node","_name":"item","_parent":{"__id__":41},"_children":[{"__id__":54},{"__id__":56},{"__type__":"cc.Node","_name":"文字扩展区域","_parent":{"__id__":53},"_prefab":{"__type__":"cc.PrefabInfo","root":{"__id__":1},"asset":{"__uuid__":"d017VWP/9CgK1rgSjkN5Yu"},"fileId":"3d6+wTqNVDLKbBU97I1E+o"},"_contentSize":{"__type__":"cc.Size","width":87.5},"_position":{"__type__":"cc.Vec2","x":48.75}},{"__id__":61}],"_components":[{"__type__":"cc.Sprite","node":{"__id__":53},"_spriteFrame":{"__uuid__":"e13dGkMI9BbZppHlAyDxRm"},"_sizeMode":0,"_isTrimmedMode":false},{"__type__":"cc.Layout","node":{"__id__":53},"_layoutSize":{"__type__":"cc.Size","width":360,"height":114},"_resize":2,"_N$layoutType":1,"_N$paddingLeft":10},{"__type__":"2ebb1fOaWZN5a6DJN2rmUV6","node":{"__id__":53},"iconNode":{"__id__":55},"gameNameLabel":{"__id__":58},"gameDescribeLabel":{"__id__":60},"downloadNode":{"__id__":62}}],"_prefab":{"__type__":"cc.PrefabInfo","root":{"__id__":1},"asset":{"__uuid__":"d017VWP/9CgK1rgSjkN5Yu"},"fileId":"6fj9VkoqRLC7E+iHzy4TZA"},"_contentSize":{"__type__":"cc.Size","width":360,"height":114},"_position":{"__type__":"cc.Vec2","x":180,"y":-58}},{"__type__":"cc.Node","_name":"图标区域","_parent":{"__id__":53},"_children":[{"__id__":55}],"_prefab":{"__type__":"cc.PrefabInfo","root":{"__id__":1},"asset":{"__uuid__":"d017VWP/9CgK1rgSjkN5Yu"},"fileId":"beGy4t8DtCzIlByYyAhx1m"},"_contentSize":{"__type__":"cc.Size","width":87.5},"_position":{"__type__":"cc.Vec2","x":-126.25}},{"__type__":"cc.Node","_name":"icon","_parent":{"__id__":54},"_components":[{"__type__":"cc.Sprite","node":{"__id__":55},"_spriteFrame":{"__uuid__":"d4iyZOPmtMOrCBd9Xkanmj"},"_sizeMode":0}],"_prefab":{"__type__":"cc.PrefabInfo","root":{"__id__":1},"asset":{"__uuid__":"d017VWP/9CgK1rgSjkN5Yu"},"fileId":"9bJR3kPnZMOKVC7FG3h43E"},"_contentSize":{"__type__":"cc.Size","width":96,"height":96}},{"__type__":"cc.Node","_name":"文字区域","_parent":{"__id__":53},"_children":[{"__id__":57},{"__id__":59}],"_prefab":{"__type__":"cc.PrefabInfo","root":{"__id__":1},"asset":{"__uuid__":"d017VWP/9CgK1rgSjkN5Yu"},"fileId":"90jddbxVhM/aYcAizdpI77"},"_anchorPoint":{"__type__":"cc.Vec2","y":0.5},"_contentSize":{"__type__":"cc.Size","width":87.5},"_position":{"__type__":"cc.Vec2","x":-82.5}},{"__type__":"cc.Node","_name":"游戏名称","_parent":{"__id__":56},"_components":[{"__id__":58}],"_prefab":{"__type__":"cc.PrefabInfo","root":{"__id__":1},"asset":{"__uuid__":"d017VWP/9CgK1rgSjkN5Yu"},"fileId":"e9ItoBp41EWbkAJjrNsvJo"},"_color":{"__type__":"cc.Color"},"_anchorPoint":{"__type__":"cc.Vec2","y":1},"_contentSize":{"__type__":"cc.Size","width":32,"height":16},"_position":{"__type__":"cc.Vec2","y":37.6}},{"__type__":"cc.Label","node":{"__id__":57},"_useOriginalSize":false,"_actualFontSize":16,"_fontSize":16,"_lineHeight":16,"_N$string":"动物"},{"__type__":"cc.Node","_name":"游戏简介","_parent":{"__id__":56},"_components":[{"__id__":60}],"_prefab":{"__type__":"cc.PrefabInfo","root":{"__id__":1},"asset":{"__uuid__":"d017VWP/9CgK1rgSjkN5Yu"},"fileId":"4eEof1RX9C/ZaLevsmA5rL"},"_color":{"__type__":"cc.Color"},"_anchorPoint":{"__type__":"cc.Vec2","y":1},"_contentSize":{"__type__":"cc.Size","width":200,"height":50},"_position":{"__type__":"cc.Vec2","y":11.4}},{"__type__":"cc.Label","node":{"__id__":59},"_useOriginalSize":false,"_actualFontSize":12,"_fontSize":12,"_lineHeight":12,"_N$string":"只有按钮一直可见的死亡复活和存档机会可能会出现获取广告失败的情况。","_N$overflow":2},{"__type__":"cc.Node","_name":"按钮区域","_parent":{"__id__":53},"_children":[{"__id__":62}],"_prefab":{"__type__":"cc.PrefabInfo","root":{"__id__":1},"asset":{"__uuid__":"d017VWP/9CgK1rgSjkN5Yu"},"fileId":"7espeN/w9FCom+ulJnRWUQ"},"_contentSize":{"__type__":"cc.Size","width":87.5},"_position":{"__type__":"cc.Vec2","x":136.25}},{"__type__":"cc.Node","_name":"aniu","_parent":{"__id__":61},"_children":[{"__id__":63}],"_components":[{"__type__":"cc.Sprite","node":{"__id__":62},"_spriteFrame":{"__uuid__":"0dQoemm9ZFeLMgqL4ar26C"},"_sizeMode":0,"_isTrimmedMode":false},{"__type__":"cc.Button","node":{"__id__":62},"transition":2,"clickEvents":[{"__type__":"cc.ClickEvent","target":{"__id__":53},"component":"PushLayoutItem","handler":"onClickDownload"}],"_N$normalSprite":{"__uuid__":"0dQoemm9ZFeLMgqL4ar26C"},"_N$pressedSprite":{"__uuid__":"f2QevKpVhN7poDdKJIyNQ5"},"pressedSprite":{"__uuid__":"f2QevKpVhN7poDdKJIyNQ5"},"_N$hoverSprite":{"__uuid__":"0dQoemm9ZFeLMgqL4ar26C"},"hoverSprite":{"__uuid__":"0dQoemm9ZFeLMgqL4ar26C"},"_N$disabledSprite":{"__uuid__":"0dQoemm9ZFeLMgqL4ar26C"},"_N$target":{"__id__":62}}],"_prefab":{"__type__":"cc.PrefabInfo","root":{"__id__":1},"asset":{"__uuid__":"d017VWP/9CgK1rgSjkN5Yu"},"fileId":"20OFxipBNDWaGIVt/e1Zno"},"_contentSize":{"__type__":"cc.Size","width":98,"height":48}},{"__type__":"cc.Node","_name":"下载","_parent":{"__id__":62},"_components":[{"__type__":"cc.Label","node":{"__id__":63},"_useOriginalSize":false,"_actualFontSize":16,"_fontSize":16,"_lineHeight":16,"_N$string":"GET","_N$horizontalAlign":1,"_N$verticalAlign":1,"_N$overflow":2}],"_prefab":{"__type__":"cc.PrefabInfo","root":{"__id__":1},"asset":{"__uuid__":"d017VWP/9CgK1rgSjkN5Yu"},"fileId":"6a184aBfJCy5X/I5tWN6Vh"},"_contentSize":{"__type__":"cc.Size","width":60,"height":20}},{"__type__":"cc.Node","_name":"close","_parent":{"__id__":2},"_components":[{"__type__":"cc.Sprite","node":{"__id__":64},"_spriteFrame":{"__uuid__":"6d8FCOjwlJzpVsD29jqR7k"}},{"__type__":"cc.Widget","node":{"__id__":64},"_alignFlags":33},{"__type__":"cc.Button","node":{"__id__":64},"transition":2,"_N$normalSprite":{"__uuid__":"6d8FCOjwlJzpVsD29jqR7k"},"_N$pressedSprite":{"__uuid__":"7eu7SW+slPv76vBqLVCZKx"},"pressedSprite":{"__uuid__":"7eu7SW+slPv76vBqLVCZKx"},"_N$hoverSprite":{"__uuid__":"6d8FCOjwlJzpVsD29jqR7k"},"hoverSprite":{"__uuid__":"6d8FCOjwlJzpVsD29jqR7k"},"_N$disabledSprite":{"__uuid__":"6d8FCOjwlJzpVsD29jqR7k"},"_N$target":{"__id__":64}}],"_prefab":{"__type__":"cc.PrefabInfo","root":{"__id__":1},"asset":{"__uuid__":"d017VWP/9CgK1rgSjkN5Yu"},"fileId":"95jS+kwCxCsYdbrfnSoYhl"},"_contentSize":{"__type__":"cc.Size","width":84,"height":84},"_position":{"__type__":"cc.Vec2","x":318,"y":-42}},{"__type__":"cc.Node","_name":"PushMonitorBanner","_parent":{"__id__":2},"_components":[{"__type__":"46fcfvC78hDJZ9ecVtLLE8W","node":{"__id__":65}}],"_prefab":{"__type__":"cc.PrefabInfo","root":{"__id__":1},"asset":{"__uuid__":"d017VWP/9CgK1rgSjkN5Yu"},"fileId":"0ciPt2dP1J/LC8AsGK+1Ke"}},{"__type__":"cc.Node","_name":"content-2","_parent":{"__id__":2},"_children":[{"__id__":67}],"_components":[{"__type__":"cc.Sprite","node":{"__id__":66},"_type":1,"_sizeMode":0},{"__type__":"cc.Layout","node":{"__id__":66},"_layoutSize":{"__type__":"cc.Size","width":720,"height":114},"_resize":2,"_N$layoutType":1,"_N$cellSize":{"__type__":"cc.Size","width":480,"height":144}},{"__type__":"cc.Widget","node":{"__id__":66},"_alignFlags":40,"_originalWidth":960}],"_prefab":{"__type__":"cc.PrefabInfo","root":{"__id__":1},"asset":{"__uuid__":"d017VWP/9CgK1rgSjkN5Yu"},"fileId":"60U7ezDZxCkruG0R8Ycn6q"},"_color":{"__type__":"cc.Color","r":167,"g":167,"b":167},"_anchorPoint":{"__type__":"cc.Vec2","x":0.5,"y":1},"_contentSize":{"__type__":"cc.Size","width":720,"height":114},"_position":{"__type__":"cc.Vec2","y":-1581}},{"__type__":"cc.Node","_name":"item","_parent":{"__id__":66},"_children":[{"__id__":68},{"__id__":69},{"__id__":74}],"_components":[{"__type__":"cc.Sprite","node":{"__id__":67},"_spriteFrame":{"__uuid__":"e13dGkMI9BbZppHlAyDxRm"},"_sizeMode":0,"_isTrimmedMode":false},{"__type__":"cc.Layout","node":{"__id__":67},"_enabled":false,"_layoutSize":{"__type__":"cc.Size","width":720,"height":114},"_resize":2,"_N$layoutType":1,"_N$paddingLeft":10},{"__type__":"2ebb1fOaWZN5a6DJN2rmUV6","node":{"__id__":67},"iconNode":{"__id__":68},"gameNameLabel":{"__id__":71},"gameDescribeLabel":{"__id__":73},"downloadNode":{"__id__":74}}],"_prefab":{"__type__":"cc.PrefabInfo","root":{"__id__":1},"asset":{"__uuid__":"d017VWP/9CgK1rgSjkN5Yu"},"fileId":"a2VztNLo5L8KCK0I11W8Ug"},"_color":{"__type__":"cc.Color","r":253,"g":253,"b":253},"_contentSize":{"__type__":"cc.Size","width":720,"height":114},"_position":{"__type__":"cc.Vec2","y":-58}},{"__type__":"cc.Node","_name":"icon","_parent":{"__id__":67},"_components":[{"__type__":"cc.Sprite","node":{"__id__":68},"_spriteFrame":{"__uuid__":"d4iyZOPmtMOrCBd9Xkanmj"},"_sizeMode":0,"_isTrimmedMode":false},{"__type__":"cc.Widget","node":{"__id__":68},"_alignFlags":8,"_left":25}],"_prefab":{"__type__":"cc.PrefabInfo","root":{"__id__":1},"asset":{"__uuid__":"d017VWP/9CgK1rgSjkN5Yu"},"fileId":"c0AjcCQplCdag4xEmAWvrk"},"_contentSize":{"__type__":"cc.Size","width":96,"height":96},"_position":{"__type__":"cc.Vec2","x":-287}},{"__type__":"cc.Node","_name":"文字区域","_parent":{"__id__":67},"_children":[{"__id__":70},{"__id__":72}],"_components":[{"__type__":"cc.Widget","node":{"__id__":69},"_alignFlags":8,"_left":150}],"_prefab":{"__type__":"cc.PrefabInfo","root":{"__id__":1},"asset":{"__uuid__":"d017VWP/9CgK1rgSjkN5Yu"},"fileId":"dfgZRNiKJAJZLy66l2fYN1"},"_anchorPoint":{"__type__":"cc.Vec2","y":0.5},"_contentSize":{"__type__":"cc.Size","width":177.5},"_position":{"__type__":"cc.Vec2","x":-210}},{"__type__":"cc.Node","_name":"游戏名称","_parent":{"__id__":69},"_components":[{"__id__":71}],"_prefab":{"__type__":"cc.PrefabInfo","root":{"__id__":1},"asset":{"__uuid__":"d017VWP/9CgK1rgSjkN5Yu"},"fileId":"08vvRDHZ1KG4yJKscvzKSK"},"_color":{"__type__":"cc.Color"},"_anchorPoint":{"__type__":"cc.Vec2","y":1},"_contentSize":{"__type__":"cc.Size","width":40,"height":20},"_position":{"__type__":"cc.Vec2","y":37.6}},{"__type__":"cc.Label","node":{"__id__":70},"_useOriginalSize":false,"_actualFontSize":20,"_fontSize":20,"_lineHeight":20,"_N$string":"动物"},{"__type__":"cc.Node","_name":"游戏简介","_parent":{"__id__":69},"_components":[{"__id__":73}],"_prefab":{"__type__":"cc.PrefabInfo","root":{"__id__":1},"asset":{"__uuid__":"d017VWP/9CgK1rgSjkN5Yu"},"fileId":"864xXPrxlLTo825SbcgYDq"},"_color":{"__type__":"cc.Color"},"_anchorPoint":{"__type__":"cc.Vec2","y":1},"_contentSize":{"__type__":"cc.Size","width":350,"height":54},"_position":{"__type__":"cc.Vec2","y":11.4}},{"__type__":"cc.Label","node":{"__id__":72},"_useOriginalSize":false,"_actualFontSize":16,"_fontSize":16,"_lineHeight":16,"_N$string":"只有按钮一直可见的死亡复活和存档机会可能会出现获取广告失败的情况。","_N$overflow":2},{"__type__":"cc.Node","_name":"aniu","_parent":{"__id__":67},"_children":[{"__id__":75}],"_components":[{"__type__":"cc.Sprite","node":{"__id__":74},"_spriteFrame":{"__uuid__":"0dQoemm9ZFeLMgqL4ar26C"},"_sizeMode":0,"_isTrimmedMode":false},{"__type__":"cc.Button","node":{"__id__":74},"transition":2,"clickEvents":[{"__type__":"cc.ClickEvent","target":{"__id__":67},"component":"PushLayoutItem","handler":"onClickDownload"}],"_N$normalSprite":{"__uuid__":"0dQoemm9ZFeLMgqL4ar26C"},"_N$pressedSprite":{"__uuid__":"f2QevKpVhN7poDdKJIyNQ5"},"pressedSprite":{"__uuid__":"f2QevKpVhN7poDdKJIyNQ5"},"_N$hoverSprite":{"__uuid__":"0dQoemm9ZFeLMgqL4ar26C"},"hoverSprite":{"__uuid__":"0dQoemm9ZFeLMgqL4ar26C"},"_N$disabledSprite":{"__uuid__":"0dQoemm9ZFeLMgqL4ar26C"},"_N$target":{"__id__":74}},{"__type__":"cc.Widget","node":{"__id__":74},"_alignFlags":32,"_right":25}],"_prefab":{"__type__":"cc.PrefabInfo","root":{"__id__":1},"asset":{"__uuid__":"d017VWP/9CgK1rgSjkN5Yu"},"fileId":"96ttm9pnhJV79yfCl7xiWE"},"_contentSize":{"__type__":"cc.Size","width":98,"height":48},"_position":{"__type__":"cc.Vec2","x":286}},{"__type__":"cc.Node","_name":"下载","_parent":{"__id__":74},"_components":[{"__type__":"cc.Label","node":{"__id__":75},"_useOriginalSize":false,"_actualFontSize":16,"_fontSize":16,"_lineHeight":16,"_N$string":"GET","_N$horizontalAlign":1,"_N$verticalAlign":1,"_N$overflow":2}],"_prefab":{"__type__":"cc.PrefabInfo","root":{"__id__":1},"asset":{"__uuid__":"d017VWP/9CgK1rgSjkN5Yu"},"fileId":"f0tH9KEIlCZJ1m1yApgUqL"},"_contentSize":{"__type__":"cc.Size","width":60,"height":20}},{"__type__":"cc.Node","_name":"PushView","_parent":{"__id__":1},"_components":[{"__type__":"0892buF37BMMKnfwQ4vnZkE","node":{"__id__":76},"pushViewNode":{"__id__":2},"horizontal":false,"gameListScrollLayout":{"__id__":35},"moldListScrollLayout":{"__id__":41},"moldListScrollLayout2":{"__id__":66},"titleLabel":{"__id__":5},"editorAppViewNodeParent":{"__id__":17},"closeButtonNode":{"__id__":64}}],"_prefab":{"__type__":"cc.PrefabInfo","root":{"__id__":1},"asset":{"__uuid__":"d017VWP/9CgK1rgSjkN5Yu"},"fileId":"36a0/TphxLtoIkJ8afdK9S"}}]