[{"__type__":"cc.Prefab","_name":"appReviews","data":{"__id__":1},"asyncLoadAssets":null},{"__type__":"cc.Node","_name":"appReviews","_children":[{"__id__":2},{"__id__":3}],"_components":[{"__id__":10},{"__type__":"ff5efSQ7BhERbx6P6RZDHHl","node":{"__id__":1},"panelView":{"__id__":10}}],"_prefab":{"__type__":"cc.PrefabInfo","root":{"__id__":1},"asset":{"__uuid__":"a89SIDbQ5F0LrU7q2Wy6am"},"fileId":"d2Bktm8U5M6q4QUxUNVHg1"},"_position":{"__type__":"cc.Vec2","x":360,"y":640}},{"__type__":"cc.Node","_name":"background","_parent":{"__id__":1},"_components":[{"__type__":"cc.Sprite","node":{"__id__":2},"_spriteFrame":{"__uuid__":"d06ydunsFL2br/xbVk/MbX"},"_sizeMode":0}],"_prefab":{"__type__":"cc.PrefabInfo","root":{"__id__":1},"asset":{"__uuid__":"a89SIDbQ5F0LrU7q2Wy6am"},"fileId":"a0cYsv2FxNRLNuCrXFeNXh"},"_opacity":150,"_color":{"__type__":"cc.Color"},"_contentSize":{"__type__":"cc.Size","width":720,"height":1280}},{"__type__":"cc.Node","_name":"info_reward_board","_parent":{"__id__":1},"_children":[{"__id__":4},{"__id__":5},{"__id__":6},{"__id__":7},{"__id__":8}],"_components":[{"__type__":"cc.Sprite","node":{"__id__":3},"_spriteFrame":{"__uuid__":"d0eI0HGO1NH5MAtpqhVVSI"},"_sizeMode":2,"_isTrimmedMode":false}],"_prefab":{"__type__":"cc.PrefabInfo","root":{"__id__":1},"asset":{"__uuid__":"a89SIDbQ5F0LrU7q2Wy6am"},"fileId":"83mrLq4NRPiKelcGyTTybc"},"_contentSize":{"__type__":"cc.Size","width":490,"height":410}},{"__type__":"cc.Node","_name":"reward","_parent":{"__id__":3},"_components":[{"__type__":"cc.Sprite","node":{"__id__":4},"_spriteFrame":{"__uuid__":"0djhizUq9EkacRTZ3nFlL8"}}],"_prefab":{"__type__":"cc.PrefabInfo","root":{"__id__":1},"asset":{"__uuid__":"a89SIDbQ5F0LrU7q2Wy6am"},"fileId":"97nsg+N05MnZT9gHZ8ZYEr"},"_contentSize":{"__type__":"cc.Size","width":460,"height":180},"_position":{"__type__":"cc.Vec2","y":49}},{"__type__":"cc.Node","_name":"text-title","_parent":{"__id__":3},"_components":[{"__type__":"cc.Label","node":{"__id__":5},"_useOriginalSize":false,"_N$string":"好评奖励","_N$horizontalAlign":1,"_N$verticalAlign":1},{"__type__":"09587n2zm1LKKWcdl/MMbd7","node":{"__id__":5},"_dataID":"appReviews.title"}],"_prefab":{"__type__":"cc.PrefabInfo","root":{"__id__":1},"asset":{"__uuid__":"a89SIDbQ5F0LrU7q2Wy6am"},"fileId":"d66il5/+dBdYMSavqlQtQX"},"_contentSize":{"__type__":"cc.Size","width":160,"height":40},"_position":{"__type__":"cc.Vec2","y":174}},{"__type__":"cc.Node","_name":"text-content","_parent":{"__id__":3},"_components":[{"__type__":"cc.Label","node":{"__id__":6},"_useOriginalSize":false,"_actualFontSize":32,"_fontSize":32,"_lineHeight":32,"_N$string":"五星好评即可免费获取奖励","_N$horizontalAlign":1,"_N$verticalAlign":1},{"__type__":"09587n2zm1LKKWcdl/MMbd7","node":{"__id__":6},"_dataID":"appReviews.content"}],"_prefab":{"__type__":"cc.PrefabInfo","root":{"__id__":1},"asset":{"__uuid__":"a89SIDbQ5F0LrU7q2Wy6am"},"fileId":"82mvoftg9MYY5njTN3Aqtp"},"_color":{"__type__":"cc.Color","r":100,"g":84},"_contentSize":{"__type__":"cc.Size","width":384,"height":32},"_position":{"__type__":"cc.Vec2","y":-76}},{"__type__":"cc.Node","_name":"close","_parent":{"__id__":3},"_components":[{"__type__":"cc.Sprite","node":{"__id__":7},"_spriteFrame":{"__uuid__":"42hOj8V+BO+qHOeTDH/awD"},"_sizeMode":2,"_isTrimmedMode":false},{"__type__":"cc.Button","node":{"__id__":7},"transition":2,"_N$normalSprite":{"__uuid__":"42hOj8V+BO+qHOeTDH/awD"},"_N$pressedSprite":{"__uuid__":"33ovhWSe9FJp6266IF2xLj"},"pressedSprite":{"__uuid__":"33ovhWSe9FJp6266IF2xLj"},"_N$hoverSprite":{"__uuid__":"42hOj8V+BO+qHOeTDH/awD"},"hoverSprite":{"__uuid__":"42hOj8V+BO+qHOeTDH/awD"},"_N$disabledSprite":{"__uuid__":"42hOj8V+BO+qHOeTDH/awD"},"_N$target":{"__id__":7}}],"_prefab":{"__type__":"cc.PrefabInfo","root":{"__id__":1},"asset":{"__uuid__":"a89SIDbQ5F0LrU7q2Wy6am"},"fileId":"23DZI2vvJPPpgybpgaTt6U"},"_contentSize":{"__type__":"cc.Size","width":84,"height":84},"_position":{"__type__":"cc.Vec2","x":218,"y":178}},{"__type__":"cc.Node","_name":"reward_button_go","_parent":{"__id__":3},"_children":[{"__id__":9}],"_components":[{"__type__":"cc.Sprite","node":{"__id__":8},"_spriteFrame":{"__uuid__":"bb0amg6KFDhLJxgrRu16no"},"_sizeMode":2,"_isTrimmedMode":false},{"__type__":"cc.Button","node":{"__id__":8},"transition":2,"_N$normalSprite":{"__uuid__":"bb0amg6KFDhLJxgrRu16no"},"_N$pressedSprite":{"__uuid__":"0eoHgZBBlCiJly4AwrsjWr"},"pressedSprite":{"__uuid__":"0eoHgZBBlCiJly4AwrsjWr"},"_N$hoverSprite":{"__uuid__":"bb0amg6KFDhLJxgrRu16no"},"hoverSprite":{"__uuid__":"bb0amg6KFDhLJxgrRu16no"},"_N$disabledSprite":{"__uuid__":"bb0amg6KFDhLJxgrRu16no"},"_N$target":{"__id__":8}}],"_prefab":{"__type__":"cc.PrefabInfo","root":{"__id__":1},"asset":{"__uuid__":"a89SIDbQ5F0LrU7q2Wy6am"},"fileId":"25bJIcHrhF9qKzl34OfpQT"},"_contentSize":{"__type__":"cc.Size","width":200,"height":75},"_position":{"__type__":"cc.Vec2","y":-144}},{"__type__":"cc.Node","_name":"btn_text","_parent":{"__id__":8},"_components":[{"__type__":"cc.Label","node":{"__id__":9},"_useOriginalSize":false,"_actualFontSize":32,"_fontSize":32,"_lineHeight":32,"_N$string":"前往评论","_N$horizontalAlign":1,"_N$verticalAlign":1},{"__type__":"09587n2zm1LKKWcdl/MMbd7","node":{"__id__":9},"_dataID":"appReviews.btn_text"}],"_prefab":{"__type__":"cc.PrefabInfo","root":{"__id__":1},"asset":{"__uuid__":"a89SIDbQ5F0LrU7q2Wy6am"},"fileId":"a5aQA3895FAZQLw3kdvL47"},"_contentSize":{"__type__":"cc.Size","width":128,"height":32}},{"__type__":"ffa00kzLqhKsJpzx+IKreik","node":{"__id__":1},"background":{"__id__":2},"panel":{"__id__":3}}]