{"__type__":"cc.AnimationClip","_name":"loading","_duration":0.5166666666666667,"wrapMode":2,"curveData":{"comps":{"cc.Sprite":{"spriteFrame":[{"frame":0,"value":{"__uuid__":"5cXj1rCD9AloCB4UYfi9oE"}},{"frame":0.05,"value":{"__uuid__":"b6dxnLAZ5PVLIWB760RZ2C"}},{"frame":0.1,"value":{"__uuid__":"b2+puxFA5Pi4YwGE2XV1/V"}},{"frame":0.15,"value":{"__uuid__":"177rgvoVVMW7p1koMpUMEg"}},{"frame":0.2,"value":{"__uuid__":"70OooP4z1FUpuK2VsARaAZ"}},{"frame":0.25,"value":{"__uuid__":"ceg8ei3tNCW6/lhNtOYSYj"}},{"frame":0.3,"value":{"__uuid__":"74zysHD4BGuLCp7QTLZ/3p"}},{"frame":0.35,"value":{"__uuid__":"3alra1+EFHVZGJMv1kyrIN"}},{"frame":0.4,"value":{"__uuid__":"bfC8cyw1ROL7gk6Yo0Wu5h"}},{"frame":0.45,"value":{"__uuid__":"74MlOsfcRAdZ8IR7S4Uj92"}},{"frame":0.5,"value":{"__uuid__":"5cXj1rCD9AloCB4UYfi9oE"}}]}}}}