[{"__type__":"cc.Prefab","_name":"appinfo","data":{"__id__":1},"asyncLoadAssets":null},{"__type__":"cc.Node","_name":"appinfo","_children":[{"__id__":2},{"__id__":4}],"_components":[{"__type__":"9250fpDdmVJPYicdWLCPC37","node":{"__id__":1},"backgroundMaskNode":{"__id__":2},"boardNode":{"__id__":4},"closeNode":{"__id__":6},"contactUsNode":{"__id__":7},"followUsNode":{"__id__":10},"likeUsNode":{"__id__":13}}],"_prefab":{"__type__":"cc.PrefabInfo","root":{"__id__":1},"asset":{"__uuid__":"40znWXLCxEB75x+LeGHWZF"},"fileId":"e0Fj5qFNlHd7pBpFZdEdnh"}},{"__type__":"cc.Node","_name":"background-mask","_parent":{"__id__":1},"_children":[{"__id__":3}],"_active":false,"_components":[{"__type__":"cc.Button","node":{"__id__":2},"_N$target":{"__id__":2}}],"_prefab":{"__type__":"cc.PrefabInfo","root":{"__id__":1},"asset":{"__uuid__":"40znWXLCxEB75x+LeGHWZF"},"fileId":"fa18VnjF9F3LZjGu2Zkc3N"},"_contentSize":{"__type__":"cc.Size","width":1280,"height":1280}},{"__type__":"cc.Node","_name":"black","_parent":{"__id__":2},"_components":[{"__type__":"cc.Sprite","node":{"__id__":3},"_spriteFrame":{"__uuid__":"d06ydunsFL2br/xbVk/MbX"},"_sizeMode":0}],"_prefab":{"__type__":"cc.PrefabInfo","root":{"__id__":1},"asset":{"__uuid__":"40znWXLCxEB75x+LeGHWZF"},"fileId":"5cwN5G1llPkqidpNOmwb/G"},"_opacity":180,"_color":{"__type__":"cc.Color"},"_contentSize":{"__type__":"cc.Size","width":1280,"height":1280}},{"__type__":"cc.Node","_name":"info_reward_board","_parent":{"__id__":1},"_children":[{"__id__":5},{"__id__":6},{"__id__":7},{"__id__":10},{"__id__":13}],"_active":false,"_components":[{"__type__":"cc.Sprite","node":{"__id__":4},"_spriteFrame":{"__uuid__":"772l4EnKlL/a4G6Qw6BheJ"},"_sizeMode":2,"_isTrimmedMode":false}],"_prefab":{"__type__":"cc.PrefabInfo","root":{"__id__":1},"asset":{"__uuid__":"40znWXLCxEB75x+LeGHWZF"},"fileId":"a6T1fcLL1GHa6kXwWjZqY2"},"_contentSize":{"__type__":"cc.Size","width":490,"height":410}},{"__type__":"cc.Node","_name":"info-title","_parent":{"__id__":4},"_components":[{"__type__":"cc.Label","node":{"__id__":5},"_useOriginalSize":false,"_N$string":"信息","_N$horizontalAlign":1,"_N$verticalAlign":1,"_N$overflow":2},{"__type__":"09587n2zm1LKKWcdl/MMbd7","node":{"__id__":5},"_dataID":"appinfo.title"}],"_prefab":{"__type__":"cc.PrefabInfo","root":{"__id__":1},"asset":{"__uuid__":"40znWXLCxEB75x+LeGHWZF"},"fileId":"dcpq4UEnRCs7xVAhdsBbu9"},"_contentSize":{"__type__":"cc.Size","width":400,"height":40},"_position":{"__type__":"cc.Vec2","y":176}},{"__type__":"cc.Node","_name":"close-button","_parent":{"__id__":4},"_components":[{"__type__":"cc.Sprite","node":{"__id__":6},"_spriteFrame":{"__uuid__":"0aIXE+uI5A/6nexi6b9LzK"},"_type":1,"_sizeMode":2,"_isTrimmedMode":false},{"__type__":"cc.Button","node":{"__id__":6},"transition":2,"pressedColor":{"__type__":"cc.Color","r":255,"g":255,"b":255},"_N$normalColor":{"__type__":"cc.Color","r":255,"g":255,"b":255},"_N$disabledColor":{"__type__":"cc.Color","r":255,"g":255,"b":255},"_N$normalSprite":{"__uuid__":"0aIXE+uI5A/6nexi6b9LzK"},"_N$pressedSprite":{"__uuid__":"1cLSKTb0lEB4YyVZccd3yx"},"pressedSprite":{"__uuid__":"1cLSKTb0lEB4YyVZccd3yx"},"_N$hoverSprite":{"__uuid__":"0aIXE+uI5A/6nexi6b9LzK"},"hoverSprite":{"__uuid__":"0aIXE+uI5A/6nexi6b9LzK"},"_N$disabledSprite":{"__uuid__":"0aIXE+uI5A/6nexi6b9LzK"},"_N$target":{"__id__":6}}],"_prefab":{"__type__":"cc.PrefabInfo","root":{"__id__":1},"asset":{"__uuid__":"40znWXLCxEB75x+LeGHWZF"},"fileId":"87JDRDR31LPantNTgeF8cR"},"_contentSize":{"__type__":"cc.Size","width":84,"height":84},"_position":{"__type__":"cc.Vec2","x":218,"y":176}},{"__type__":"cc.Node","_name":"contact-button","_parent":{"__id__":4},"_children":[{"__id__":8}],"_components":[{"__type__":"cc.Sprite","node":{"__id__":7},"_spriteFrame":{"__uuid__":"14ByfZbURPPJknp3++N0XD"},"_type":1,"_sizeMode":2,"_isTrimmedMode":false},{"__type__":"cc.Button","node":{"__id__":7},"transition":2,"pressedColor":{"__type__":"cc.Color","r":255,"g":255,"b":255},"_N$normalColor":{"__type__":"cc.Color","r":255,"g":255,"b":255},"_N$disabledColor":{"__type__":"cc.Color","r":255,"g":255,"b":255},"_N$normalSprite":{"__uuid__":"14ByfZbURPPJknp3++N0XD"},"_N$pressedSprite":{"__uuid__":"75Miu0D1ZDEIQuVlMaZT9M"},"pressedSprite":{"__uuid__":"75Miu0D1ZDEIQuVlMaZT9M"},"_N$hoverSprite":{"__uuid__":"14ByfZbURPPJknp3++N0XD"},"hoverSprite":{"__uuid__":"14ByfZbURPPJknp3++N0XD"},"_N$disabledSprite":{"__uuid__":"14ByfZbURPPJknp3++N0XD"},"_N$target":{"__id__":7}}],"_prefab":{"__type__":"cc.PrefabInfo","root":{"__id__":1},"asset":{"__uuid__":"40znWXLCxEB75x+LeGHWZF"},"fileId":"3eIfupzyxGcbTryvuiRSXx"},"_contentSize":{"__type__":"cc.Size","width":344,"height":80},"_position":{"__type__":"cc.Vec2","y":80}},{"__type__":"cc.Node","_name":"icon","_parent":{"__id__":7},"_children":[{"__id__":9}],"_components":[{"__type__":"cc.Sprite","node":{"__id__":8},"_spriteFrame":{"__uuid__":"73rCMG1eVKXLPDue2wrVzm"},"_sizeMode":2,"_isTrimmedMode":false}],"_prefab":{"__type__":"cc.PrefabInfo","root":{"__id__":1},"asset":{"__uuid__":"40znWXLCxEB75x+LeGHWZF"},"fileId":"89wN9Z2Q1CypPTS7h5LDjy"},"_contentSize":{"__type__":"cc.Size","width":60,"height":50},"_position":{"__type__":"cc.Vec2","x":-110}},{"__type__":"cc.Node","_name":"text","_parent":{"__id__":8},"_components":[{"__type__":"cc.Label","node":{"__id__":9},"_useOriginalSize":false,"_actualFontSize":36,"_fontSize":36,"_lineHeight":36,"_enableWrapText":false,"_N$string":"联系我们","_N$verticalAlign":1,"_N$overflow":2},{"__type__":"09587n2zm1LKKWcdl/MMbd7","node":{"__id__":9},"_dataID":"appinfo.contact_button"}],"_prefab":{"__type__":"cc.PrefabInfo","root":{"__id__":1},"asset":{"__uuid__":"40znWXLCxEB75x+LeGHWZF"},"fileId":"3aohxG1mRPm7C0CZ9U2avg"},"_anchorPoint":{"__type__":"cc.Vec2","y":0.5},"_contentSize":{"__type__":"cc.Size","width":197.85,"height":40},"_position":{"__type__":"cc.Vec2","x":47}},{"__type__":"cc.Node","_name":"share-button","_parent":{"__id__":4},"_children":[{"__id__":11}],"_components":[{"__type__":"cc.Sprite","node":{"__id__":10},"_spriteFrame":{"__uuid__":"14ByfZbURPPJknp3++N0XD"},"_type":1,"_sizeMode":2,"_isTrimmedMode":false},{"__type__":"cc.Button","node":{"__id__":10},"transition":2,"pressedColor":{"__type__":"cc.Color","r":255,"g":255,"b":255},"_N$normalColor":{"__type__":"cc.Color","r":255,"g":255,"b":255},"_N$disabledColor":{"__type__":"cc.Color","r":255,"g":255,"b":255},"_N$normalSprite":{"__uuid__":"14ByfZbURPPJknp3++N0XD"},"_N$pressedSprite":{"__uuid__":"75Miu0D1ZDEIQuVlMaZT9M"},"pressedSprite":{"__uuid__":"75Miu0D1ZDEIQuVlMaZT9M"},"_N$hoverSprite":{"__uuid__":"14ByfZbURPPJknp3++N0XD"},"hoverSprite":{"__uuid__":"14ByfZbURPPJknp3++N0XD"},"_N$disabledSprite":{"__uuid__":"14ByfZbURPPJknp3++N0XD"},"_N$target":{"__id__":10}}],"_prefab":{"__type__":"cc.PrefabInfo","root":{"__id__":1},"asset":{"__uuid__":"40znWXLCxEB75x+LeGHWZF"},"fileId":"71f1U4DvtMxbyDq9lE6+0i"},"_contentSize":{"__type__":"cc.Size","width":344,"height":80},"_position":{"__type__":"cc.Vec2","y":-20}},{"__type__":"cc.Node","_name":"icon","_parent":{"__id__":10},"_children":[{"__id__":12}],"_components":[{"__type__":"cc.Sprite","node":{"__id__":11},"_spriteFrame":{"__uuid__":"0eEZ1zN3JLQJgklmi9l0KL"},"_sizeMode":2,"_isTrimmedMode":false}],"_prefab":{"__type__":"cc.PrefabInfo","root":{"__id__":1},"asset":{"__uuid__":"40znWXLCxEB75x+LeGHWZF"},"fileId":"fcKIbEb4dN4oJ64RFcU4CR"},"_contentSize":{"__type__":"cc.Size","width":60,"height":50},"_position":{"__type__":"cc.Vec2","x":-110}},{"__type__":"cc.Node","_name":"text","_parent":{"__id__":11},"_components":[{"__type__":"cc.Label","node":{"__id__":12},"_useOriginalSize":false,"_actualFontSize":36,"_fontSize":36,"_lineHeight":36,"_enableWrapText":false,"_N$string":"分享推荐","_N$verticalAlign":1,"_N$overflow":2},{"__type__":"09587n2zm1LKKWcdl/MMbd7","node":{"__id__":12},"_dataID":"appinfo.share_button"}],"_prefab":{"__type__":"cc.PrefabInfo","root":{"__id__":1},"asset":{"__uuid__":"40znWXLCxEB75x+LeGHWZF"},"fileId":"2cbqUtEgxMea84nCYi0Bc9"},"_anchorPoint":{"__type__":"cc.Vec2","y":0.5},"_contentSize":{"__type__":"cc.Size","width":197.85,"height":40},"_position":{"__type__":"cc.Vec2","x":47}},{"__type__":"cc.Node","_name":"like-button","_parent":{"__id__":4},"_children":[{"__id__":14}],"_components":[{"__type__":"cc.Sprite","node":{"__id__":13},"_spriteFrame":{"__uuid__":"14ByfZbURPPJknp3++N0XD"},"_type":1,"_sizeMode":2,"_isTrimmedMode":false},{"__type__":"cc.Button","node":{"__id__":13},"transition":2,"pressedColor":{"__type__":"cc.Color","r":255,"g":255,"b":255},"_N$normalColor":{"__type__":"cc.Color","r":255,"g":255,"b":255},"_N$disabledColor":{"__type__":"cc.Color","r":255,"g":255,"b":255},"_N$normalSprite":{"__uuid__":"14ByfZbURPPJknp3++N0XD"},"_N$pressedSprite":{"__uuid__":"75Miu0D1ZDEIQuVlMaZT9M"},"pressedSprite":{"__uuid__":"75Miu0D1ZDEIQuVlMaZT9M"},"_N$hoverSprite":{"__uuid__":"14ByfZbURPPJknp3++N0XD"},"hoverSprite":{"__uuid__":"14ByfZbURPPJknp3++N0XD"},"_N$disabledSprite":{"__uuid__":"14ByfZbURPPJknp3++N0XD"},"_N$target":{"__id__":13}}],"_prefab":{"__type__":"cc.PrefabInfo","root":{"__id__":1},"asset":{"__uuid__":"40znWXLCxEB75x+LeGHWZF"},"fileId":"d5I+izg1JE3rmDPN21PVj9"},"_contentSize":{"__type__":"cc.Size","width":344,"height":80},"_position":{"__type__":"cc.Vec2","y":-120}},{"__type__":"cc.Node","_name":"icon","_parent":{"__id__":13},"_children":[{"__id__":15}],"_components":[{"__type__":"cc.Sprite","node":{"__id__":14},"_spriteFrame":{"__uuid__":"65+FKWVJZOB5YrcK1KKTbz"},"_sizeMode":2,"_isTrimmedMode":false}],"_prefab":{"__type__":"cc.PrefabInfo","root":{"__id__":1},"asset":{"__uuid__":"40znWXLCxEB75x+LeGHWZF"},"fileId":"67RjhLUvZJpr4M5RBKaOMr"},"_contentSize":{"__type__":"cc.Size","width":60,"height":50},"_position":{"__type__":"cc.Vec2","x":-110}},{"__type__":"cc.Node","_name":"text","_parent":{"__id__":14},"_components":[{"__type__":"cc.Label","node":{"__id__":15},"_useOriginalSize":false,"_actualFontSize":36,"_fontSize":36,"_lineHeight":36,"_enableWrapText":false,"_N$string":"评论点赞","_N$verticalAlign":1,"_N$overflow":2},{"__type__":"09587n2zm1LKKWcdl/MMbd7","node":{"__id__":15},"_dataID":"appinfo.likes_button"}],"_prefab":{"__type__":"cc.PrefabInfo","root":{"__id__":1},"asset":{"__uuid__":"40znWXLCxEB75x+LeGHWZF"},"fileId":"b5c1h5H/1OnpJqWhm1epmy"},"_anchorPoint":{"__type__":"cc.Vec2","y":0.5},"_contentSize":{"__type__":"cc.Size","width":197.85,"height":40},"_position":{"__type__":"cc.Vec2","x":47}}]