{"__type__":"cc.BitmapFont","_name":"level_shuzi","spriteFrame":{"__uuid__":"b2KhlSV7hDDa0BBNxiIjG+"},"fontSize":22,"_fntConfig":{"commonHeight":21,"fontSize":22,"atlasName":"level_shuzi_0.png","fontDefDictionary":{"48":{"rect":{"x":0,"y":0,"width":19,"height":22},"xOffset":0,"yOffset":0,"xAdvance":19},"49":{"rect":{"x":20,"y":0,"width":19,"height":22},"xOffset":0,"yOffset":0,"xAdvance":19},"50":{"rect":{"x":40,"y":0,"width":19,"height":22},"xOffset":0,"yOffset":0,"xAdvance":19},"51":{"rect":{"x":60,"y":0,"width":19,"height":22},"xOffset":0,"yOffset":0,"xAdvance":19},"52":{"rect":{"x":80,"y":0,"width":19,"height":22},"xOffset":0,"yOffset":0,"xAdvance":19},"53":{"rect":{"x":100,"y":0,"width":19,"height":22},"xOffset":0,"yOffset":0,"xAdvance":19},"54":{"rect":{"x":120,"y":0,"width":19,"height":22},"xOffset":0,"yOffset":0,"xAdvance":19},"55":{"rect":{"x":140,"y":0,"width":19,"height":22},"xOffset":0,"yOffset":0,"xAdvance":19},"56":{"rect":{"x":160,"y":0,"width":19,"height":22},"xOffset":0,"yOffset":0,"xAdvance":19},"57":{"rect":{"x":180,"y":0,"width":19,"height":22},"xOffset":0,"yOffset":0,"xAdvance":19}},"kerningDict":{}}}