[{"__type__":"cc.Prefab","_name":"pushBig","data":{"__id__":1},"asyncLoadAssets":null},{"__type__":"cc.Node","_name":"pushBig","_children":[{"__id__":2},{"__id__":3}],"_components":[{"__type__":"1a6faxMBRpBhJaD6plietc2","node":{"__id__":1},"horizontal":false,"blackBackground":{"__id__":2},"bigTextureSprite":{"__id__":5},"closeButton":{"__id__":6},"boardNode":{"__id__":3}}],"_prefab":{"__type__":"cc.PrefabInfo","root":{"__id__":1},"asset":{"__uuid__":"dbR1c4bLNMd4guR4UPgv+X"},"fileId":"7dcRNguAFPebXTLJ3hSwj1"}},{"__type__":"cc.Node","_name":"black-background","_parent":{"__id__":1},"_active":false,"_components":[{"__type__":"cc.Sprite","node":{"__id__":2},"_spriteFrame":{"__uuid__":"d06ydunsFL2br/xbVk/MbX"},"_sizeMode":0},{"__type__":"cc.Button","node":{"__id__":2}}],"_prefab":{"__type__":"cc.PrefabInfo","root":{"__id__":1},"asset":{"__uuid__":"dbR1c4bLNMd4guR4UPgv+X"},"fileId":"68/88ifTlCaqg6GviIrOUe"},"_opacity":149,"_color":{"__type__":"cc.Color"},"_contentSize":{"__type__":"cc.Size","width":1280,"height":1280}},{"__type__":"cc.Node","_name":"edging","_parent":{"__id__":1},"_children":[{"__id__":4},{"__id__":6}],"_active":false,"_components":[{"__type__":"cc.Sprite","node":{"__id__":3},"_spriteFrame":{"__uuid__":"604vXyuZFAu6cIDbptEz2V"},"_type":1,"_sizeMode":0,"_isTrimmedMode":false},{"__type__":"cc.Button","node":{"__id__":3},"_N$target":{"__id__":3}}],"_prefab":{"__type__":"cc.PrefabInfo","root":{"__id__":1},"asset":{"__uuid__":"dbR1c4bLNMd4guR4UPgv+X"},"fileId":"c76AVG6LtFcp5gSYNaESX4"},"_contentSize":{"__type__":"cc.Size","width":510,"height":760}},{"__type__":"cc.Node","_name":"edging_mold","_parent":{"__id__":3},"_components":[{"__id__":5}],"_prefab":{"__type__":"cc.PrefabInfo","root":{"__id__":1},"asset":{"__uuid__":"dbR1c4bLNMd4guR4UPgv+X"},"fileId":"62HgUAerpFWJMbQYJ2F/Ck"},"_contentSize":{"__type__":"cc.Size","width":460,"height":715}},{"__type__":"cc.Sprite","node":{"__id__":4},"_spriteFrame":{"__uuid__":"4dbxXmr0lE4a4wZvcDK/hk"},"_sizeMode":2,"_isTrimmedMode":false},{"__type__":"cc.Node","_name":"close","_parent":{"__id__":3},"_components":[{"__type__":"cc.Sprite","node":{"__id__":6},"_spriteFrame":{"__uuid__":"81eB9K+RJETbqguWZlU0B3"},"_sizeMode":0,"_isTrimmedMode":false},{"__type__":"cc.Button","node":{"__id__":6},"transition":2,"_N$normalSprite":{"__uuid__":"81eB9K+RJETbqguWZlU0B3"},"_N$pressedSprite":{"__uuid__":"a9wfhS9LtKvIpnNB0GI7nY"},"pressedSprite":{"__uuid__":"a9wfhS9LtKvIpnNB0GI7nY"},"_N$hoverSprite":{"__uuid__":"81eB9K+RJETbqguWZlU0B3"},"hoverSprite":{"__uuid__":"81eB9K+RJETbqguWZlU0B3"},"_N$disabledSprite":{"__uuid__":"81eB9K+RJETbqguWZlU0B3"},"_N$target":{"__id__":6}}],"_prefab":{"__type__":"cc.PrefabInfo","root":{"__id__":1},"asset":{"__uuid__":"dbR1c4bLNMd4guR4UPgv+X"},"fileId":"23Eq1gKk5EjKD7h73Dp3Z2"},"_anchorPoint":{"__type__":"cc.Vec2","x":1,"y":1},"_contentSize":{"__type__":"cc.Size","width":84,"height":84},"_position":{"__type__":"cc.Vec2","x":254.7,"y":379.7}}]